id,name,nametype,recclass,mass,year,reclat,reclong,coordinates
1,Aachen,Valid,L5,21.0,1880-01-01,50.775,6.08333,"[6, 50]"
2,Aarhus,Valid,H6,720.0,1951-01-01,56.18333,10.23333,"[10, 56]"
6,Abee,Valid,EH4,107000.0,1952-01-01,54.21667,-113.0,"[-113, 54]"
10,Acapulco,Valid,Acapulcoite,1914.0,1976-01-01,16.88333,-99.9,"[-99, 16]"
370,Achiras,Valid,L6,780.0,1902-01-01,-33.16667,-64.95,"[-64, -33]"
379,Adhi Kot,Valid,EH4,4239.0,1919-01-01,32.1,71.8,"[71, 32]"
390,Adzhi-Bogdo (stone),Valid,LL3-6,910.0,1949-01-01,44.83333,95.16667,"[95, 44]"
392,Agen,Valid,H5,30000.0,1814-01-01,44.21667,0.61667,"[0, 44]"
398,Aguada,Valid,L6,1620.0,1930-01-01,-31.6,-65.23333,"[-65, -31]"
417,Aguila Blanca,Valid,L,1440.0,1920-01-01,-30.86667,-64.55,"[-64, -30]"
423,Aioun el Atrouss,Valid,Diogenite-pm,1000.0,1974-01-01,16.39806,-9.57028,"[-9, 16]"
424,Aïr,Valid,L6,24000.0,1925-01-01,19.08333,8.38333,"[8, 19]"
426,Akaba,Valid,L6,779.0,1949-01-01,29.51667,35.05,"[35, 29]"
427,Akbarpur,Valid,H4,1800.0,1838-01-01,29.71667,77.95,"[77, 29]"
432,Akwanga,Valid,H,3000.0,1959-01-01,8.91667,8.43333,"[8, 8]"
433,Akyumak,Valid,"Iron, IVA",50000.0,1981-01-01,39.91667,42.81667,"[42, 39]"
446,Al Rais,Valid,CR2-an,160.0,1957-01-01,24.41667,39.51667,"[39, 24]"
447,Al Zarnkh,Valid,LL5,700.0,2001-01-01,13.66033,28.96,"[28, 13]"
448,Alais,Valid,CI1,6000.0,1806-01-01,44.11667,4.08333,"[4, 44]"
453,Albareto,Valid,L/LL4,2000.0,1766-01-01,44.65,11.01667,"[11, 44]"
454,Alberta,Valid,L,625.0,1949-01-01,2.0,22.66667,"[22, 2]"
458,Alby sur Chéran,Valid,Eucrite-mmict,252.0,2002-01-01,45.82133,6.01533,"[6, 45]"
461,Aldsworth,Valid,LL5,700.0,1835-01-01,51.78333,-1.78333,"[-1, 51]"
462,Aleppo,Valid,L6,3200.0,1873-01-01,36.23333,37.13333,"[37, 36]"
463,Alessandria,Valid,H5,908.0,1860-01-01,44.88333,8.75,"[8, 44]"
465,Alexandrovsky,Valid,H4,9251.0,1900-01-01,50.95,31.81667,"[31, 50]"
466,Alfianello,Valid,L6,228000.0,1883-01-01,45.26667,10.15,"[10, 45]"
2276,Allegan,Valid,H5,32000.0,1899-01-01,42.53333,-85.88333,"[-85, 42]"
2278,Allende,Valid,CV3,2000000.0,1969-01-01,26.96667,-105.31667,"[-105, 26]"
48915,Almahata Sitta,Valid,Ureilite-an,3950.0,2008-01-01,20.74575,32.41275,"[32, 20]"
2284,Alta'ameem,Valid,LL5,6000.0,1977-01-01,35.27333,44.21556,"[44, 35]"
2290,Ambapur Nagla,Valid,H5,6400.0,1895-01-01,27.66667,78.25,"[78, 27]"
2294,Andhara,Valid,Stone-uncl,2700.0,1880-01-01,26.58333,85.56667,"[85, 26]"
2295,Andover,Valid,L6,3200.0,1898-01-01,44.61667,-70.75,"[-70, 44]"
2296,Andreevka,Valid,L3,600.0,1969-01-01,48.7,37.5,"[37, 48]"
2298,Andura,Valid,H6,17900.0,1939-01-01,20.88333,76.86667,"[76, 20]"
2302,Angra dos Reis (stone),Valid,Angrite,1500.0,1869-01-01,-22.96667,-44.31667,"[-44, -22]"
2304,Ankober,Valid,H4,6500.0,1942-01-01,9.53333,39.71667,"[39, 9]"
2305,Anlong,Valid,H5,2500.0,1971-01-01,25.15,105.18333,"[105, 25]"
2313,Aomori,Valid,L6,320.0,1984-01-01,40.81056,140.78556,"[140, 40]"
2318,Appley Bridge,Valid,LL6,15000.0,1914-01-01,53.58333,-2.71667,"[-2, 53]"
2320,Apt,Valid,L6,3200.0,1803-01-01,43.86667,5.38333,"[5, 43]"
2325,Arbol Solo,Valid,H5,810.0,1954-01-01,-33.0,-66.0,"[-66, -33]"
2329,Archie,Valid,H6,5070.0,1932-01-01,38.5,-94.3,"[-94, 38]"
2340,Arroyo Aguiar,Valid,H5,7450.0,1950-01-01,-31.41667,-60.66667,"[-60, -31]"
2345,Asco,Valid,H6,41.0,1805-01-01,42.45,9.03333,"[9, 42]"
48954,Ash Creek,Valid,L6,9500.0,2009-01-01,31.805,-97.01,"[-97, 31]"
2346,Ashdon,Valid,L6,1300.0,1923-01-01,52.05,0.3,"[0, 52]"
2353,Assisi,Valid,H5,2000.0,1886-01-01,43.03333,12.55,"[12, 43]"
4883,Atarra,Valid,L4,1280.0,1920-01-01,25.25417,80.625,"[80, 25]"
4884,Atemajac,Valid,L6,94.2,1896-01-01,20.06667,-103.66667,"[-103, 20]"
4885,Athens,Valid,LL6,265.0,1933-01-01,34.75,-87.0,"[-87, 34]"
4888,Atoka,Valid,L6,1384.2,1945-01-01,34.31667,-96.15,"[-96, 34]"
4893,Aubres,Valid,Aubrite,800.0,1836-01-01,44.38333,5.16667,"[5, 44]"
4899,Aumale,Valid,L6,50000.0,1865-01-01,36.16667,3.66667,"[3, 36]"
4900,Aumieres,Valid,L6,2000.0,1842-01-01,44.33333,3.23333,"[3, 44]"
4903,Ausson,Valid,L5,50000.0,1858-01-01,43.08333,0.58333,"[0, 43]"
4905,Avanhandava,Valid,H4,9330.0,1952-01-01,-21.46028,-49.95083,"[-49, -21]"
4906,Avce,Valid,"Iron, IIAB",1230.0,1908-01-01,46.0,13.5,"[13, 46]"
4907,Avilez,Valid,H,146.0,1855-01-01,25.0,-103.5,"[-103, 25]"
4910,Awere,Valid,L4,134.0,1968-01-01,2.71667,32.83333,"[32, 2]"
4913,Aztec,Valid,L6,2830.0,1938-01-01,36.8,-108.0,"[-108, 36]"
4917,Bachmut,Valid,L6,18000.0,1814-01-01,48.6,38.0,"[38, 48]"
4922,Bahjoi,Valid,"Iron, IAB-sLL",10322.0,1934-01-01,28.48333,78.5,"[78, 28]"
4925,Bald Mountain,Valid,L4,3700.0,1929-01-01,35.96667,-82.48333,"[-82, 35]"
4926,Baldwyn,Valid,L6,345.0,1922-01-01,34.5,-88.66667,"[-88, 34]"
4928,Bali,Valid,CV3,1000.0,1907-01-01,5.38333,16.38333,"[16, 5]"
4934,Ban Rong Du,Valid,"Iron, ungrouped",16700.0,1993-01-01,16.66667,101.18333,"[101, 16]"
4935,Bandong,Valid,LL6,11500.0,1871-01-01,-6.91667,107.6,"[107, -6]"
4936,Bansur,Valid,L6,15000.0,1892-01-01,27.7,76.33333,"[76, 27]"
4937,Banswal,Valid,L5,14.0,1913-01-01,30.4,78.2,"[78, 30]"
4938,Banten,Valid,CM2,629.0,1933-01-01,-6.33333,106.0,"[106, -6]"
4942,Barbotan,Valid,H5,6400.0,1790-01-01,43.95,-0.05,"[0, 43]"
4946,Barea,Valid,Mesosiderite-A1,3200.0,1842-01-01,42.38333,-2.5,"[-2, 42]"
4947,Barnaul,Valid,H5,23.2,1904-01-01,52.73333,84.08333,"[84, 52]"
4948,Barntrup,Valid,LL4,17.0,1886-01-01,52.0,9.1,"[9, 52]"
4949,Baroti,Valid,L6,4500.0,1910-01-01,31.61667,76.8,"[76, 31]"
4954,Barwell,Valid,L5,44000.0,1965-01-01,52.56528,-1.33972,"[-1, 52]"
44876,Bassikounou,Valid,H5,29560.0,2006-01-01,15.78333,-5.9,"[-5, 15]"
4957,Baszkówka,Valid,L5,15500.0,1994-01-01,52.03333,20.93583,"[20, 52]"
4974,Bath,Valid,H4,21000.0,1892-01-01,45.41667,-98.31667,"[-98, 45]"
4975,Bath Furnace,Valid,L6,86000.0,1902-01-01,38.25,-83.75,"[-83, 38]"
56133,Battle Mountain,Valid,L6,2900.0,2012-01-01,40.66813,-117.18913,"[-117, 40]"
4976,Bawku,Valid,LL5,1557.0,1989-01-01,11.08333,-0.18333,"[0, 11]"
4977,Baxter,Valid,L6,611.0,1916-01-01,36.75,-93.5,"[-93, 36]"
4984,Beardsley,Valid,H5,16000.0,1929-01-01,39.8,-101.2,"[-101, 39]"
4986,Beaver Creek,Valid,H5,14000.0,1893-01-01,51.16667,-117.33333,"[-117, 51]"
4993,Beddgelert,Valid,H5,794.0,1949-01-01,53.01667,-4.1,"[-4, 53]"
5005,Bells,Valid,C2-ung,375.0,1961-01-01,33.6,-96.46667,"[-96, 33]"
5011,Benares (a),Valid,LL4,3700.0,1798-01-01,25.36667,82.91667,"[82, 25]"
30443,Benguerir,Valid,LL6,25000.0,2004-01-01,32.25,-8.15,"[-8, 32]"
5018,Beni M'hira,Valid,L6,19000.0,2001-01-01,32.86667,10.8,"[10, 32]"
5021,Benld,Valid,H6,1770.5,1938-01-01,39.08333,-89.15,"[-89, 39]"
5023,Benoni,Valid,H6,3880.0,1943-01-01,-26.16667,28.41667,"[28, -26]"
5024,Bensour,Valid,LL6,45000.0,2002-01-01,30.0,-7.0,"[-7, 30]"
5026,Benton,Valid,LL6,2840.0,1949-01-01,45.95,-67.55,"[-67, 45]"
48975,Berduc,Valid,L6,270.0,2008-01-01,-31.91,-58.32833,"[-58, -31]"
5028,Béréba,Valid,Eucrite-mmict,18000.0,1924-01-01,11.65,-3.65,"[-3, 11]"
5029,Berlanguillas,Valid,L6,1440.0,1811-01-01,41.68333,-3.8,"[-3, 41]"
47355,Berthoud,Valid,Eucrite-mmict,960.0,2004-01-01,40.30583,-105.02325,"[-105, 40]"
5032,Bethlehem,Valid,H,13.9,1859-01-01,42.53333,-73.83333,"[-73, 42]"
5034,Beuste,Valid,L5,2000.0,1859-01-01,43.21667,-0.23333,"[0, 43]"
5035,Beyrout,Valid,LL3.8,1100.0,1921-01-01,33.88333,35.5,"[35, 33]"
5037,Bhagur,Valid,L6,18.0,1877-01-01,20.88333,74.83333,"[74, 20]"
36591,Bhawad,Valid,LL6,678.0,2002-01-01,26.50833,73.11528,"[73, 26]"
5039,Bherai,Valid,L6,100.0,1893-01-01,20.83333,71.46667,"[71, 20]"
5040,Bhola,Valid,LL3-6,1047.0,1940-01-01,22.68333,90.65,"[90, 22]"
5041,Bholghati,Valid,Howardite,2500.0,1905-01-01,22.08333,86.9,"[86, 22]"
5042,Bialystok,Valid,Eucrite-pmict,4000.0,1827-01-01,53.1,23.2,"[23, 53]"
5043,Bielokrynitschie,Valid,H4,1900.0,1887-01-01,50.13333,27.16667,"[27, 50]"
5045,Bilanga,Valid,Diogenite,25000.0,1999-01-01,12.45,-0.08333,"[0, 12]"
5051,Binningup,Valid,H5,488.1,1984-01-01,-33.15639,115.67639,"[115, -33]"
5056,Birni N'konni,Valid,H4,560.0,1923-01-01,13.76667,5.3,"[5, 13]"
5059,Bishopville,Valid,Aubrite,6000.0,1843-01-01,34.16667,-80.28333,"[-80, 34]"
5060,Bishunpur,Valid,LL3.15,1039.0,1895-01-01,25.38333,82.6,"[82, 25]"
5063,Bjelaja Zerkov,Valid,H6,1850.0,1796-01-01,49.78333,30.16667,"[30, 49]"
5064,Bjurböle,Valid,L/LL4,330000.0,1899-01-01,60.4,25.8,"[25, 60]"
5065,Black Moshannan Park,Valid,L5,705.0,1941-01-01,40.91667,-78.08333,"[-78, 40]"
5068,Blackwell,Valid,L5,2381.0,1906-01-01,36.83333,-97.33333,"[-97, 36]"
5071,Blanket,Valid,L6,5100.0,1909-01-01,31.83333,-98.83333,"[-98, 31]"
5072,Blansko,Valid,H6,470.0,1833-01-01,49.36667,16.63333,"[16, 49]"
5076,Bloomington,Valid,LL6,67.8,1938-01-01,40.48,-89.00417,"[-89, 40]"
5090,Bo Xian,Valid,LL3.9,7500.0,1977-01-01,33.83333,115.83333,"[115, 33]"
5093,Bocas,Valid,L6,56.0,1804-01-01,23.0,-102.0,"[-102, 23]"
5097,Bogou,Valid,"Iron, IAB-MG",8800.0,1962-01-01,12.5,0.7,"[0, 12]"
5098,Boguslavka,Valid,"Iron, IIAB",256000.0,1916-01-01,44.55,131.63333,"[131, 44]"
5110,Borgo San Donino,Valid,LL6,1676.0,1808-01-01,44.86667,10.05,"[10, 44]"
5111,Bori,Valid,L6,8600.0,1894-01-01,21.95,78.03333,"[78, 21]"
5112,Boriskino,Valid,CM2,1342.0,1930-01-01,54.23333,52.48333,"[52, 54]"
5113,Borkut,Valid,L5,7000.0,1852-01-01,48.15,24.28333,"[24, 48]"
5114,Borodino,Valid,H5,500.0,1812-01-01,55.46667,35.86667,"[35, 55]"
5117,Botschetschki,Valid,L4,614.0,1823-01-01,51.33333,33.88333,"[33, 51]"
57168,Boumdeid (2003),Valid,L6,190.0,2003-01-01,17.71067,-11.3715,"[-11, 17]"
57167,Boumdeid (2011),Valid,L6,3599.0,2011-01-01,17.17493,-11.34133,"[-11, 17]"
5121,Bovedy,Valid,L3,5460.0,1969-01-01,54.56667,-6.33333,"[-6, 54]"
5128,Bradford Woods,Valid,L,762.0,1886-01-01,40.5,-80.08333,"[-80, 40]"
5133,Braunau,Valid,"Iron, IIAB",39000.0,1847-01-01,50.6,16.3,"[16, 50]"
5134,Breitscheid,Valid,H5,1500.0,1956-01-01,50.66694,8.18361,"[8, 50]"
5135,Bremervörde,Valid,H/L3.9,7250.0,1855-01-01,53.4,9.1,"[9, 53]"
5140,Brient,Valid,Eucrite-pmict,219.0,1933-01-01,52.13333,59.31667,"[59, 52]"
5156,Bruderheim,Valid,L6,303000.0,1960-01-01,53.9,-112.88333,"[-112, 53]"
30448,Bukhara,Valid,CV3,5300.0,2001-01-01,39.77978,64.60035,"[64, 39]"
48653,Bunburra Rockhole,Valid,Eucrite,324.0,2007-01-01,-31.35,129.19,"[129, -31]"
5165,Bununu,Valid,Howardite,357.0,1942-01-01,10.01667,9.58333,"[9, 10]"
5169,Bur-Gheluai,Valid,H5,120000.0,1919-01-01,5.0,48.0,"[48, 5]"
5175,Burnwell,Valid,H4-an,1504.0,1990-01-01,37.62194,-82.23722,"[-82, 37]"
5177,Bursa,Valid,L6,25000.0,1946-01-01,40.2,29.23333,"[29, 40]"
5178,Buschhof,Valid,L6,5000.0,1863-01-01,46.45,25.78333,"[25, 46]"
5181,Bustee,Valid,Aubrite,1500.0,1852-01-01,26.78333,82.83333,"[82, 26]"
5183,Butsura,Valid,H6,29000.0,1861-01-01,27.08333,84.08333,"[84, 27]"
48654,Buzzard Coulee,Valid,H4,41000.0,2008-01-01,52.996,-109.84817,"[-109, 52]"
5185,Cabezo de Mayo,Valid,L/LL6,25000.0,1870-01-01,37.98333,-1.16667,"[-1, 37]"
5186,Cabin Creek,Valid,"Iron, IIIAB",48500.0,1886-01-01,35.5,-93.5,"[-93, 35]"
5187,Cacak,Valid,OC,212.0,1919-01-01,43.83889,20.33333,"[20, 43]"
45976,Cali,Valid,H/L4,478.0,2007-01-01,3.405,-76.51,"[-76, 3]"
5200,Calivo,Valid,Stone-uncl,2400.0,1916-01-01,11.75,122.33333,"[122, 11]"
5249,Campos Sales,Valid,L5,23680.0,1991-01-01,-7.03333,-40.16667,"[-40, -7]"
5250,Çanakkale,Valid,L6,4000.0,1964-01-01,39.8,26.6,"[26, 39]"
5251,Cañellas,Valid,H4,945.0,1861-01-01,41.25,1.66667,"[1, 41]"
5252,Cangas de Onis,Valid,H5,34000.0,1866-01-01,43.38333,-5.15,"[-5, 43]"
5253,Canon City,Valid,H6,1400.0,1973-01-01,38.47028,-105.24139,"[-105, 38]"
5260,Cape Girardeau,Valid,H6,2300.0,1846-01-01,37.26667,-89.58333,"[-89, 37]"
5264,Capilla del Monte,Valid,H6,750.0,1934-01-01,-30.88333,-64.55,"[-64, -30]"
45817,Carancas,Valid,H4-5,342.0,2007-01-01,-16.66444,-69.04389,"[-69, -16]"
5265,Caratash,Valid,LL6,8.0,1902-01-01,38.5,27.0,"[27, 38]"
5291,Castalia,Valid,H5,7300.0,1874-01-01,36.08333,-78.06667,"[-78, 36]"
5293,Castine,Valid,L6,94.0,1848-01-01,44.38333,-68.75,"[-68, 44]"
5296,Caswell County,Valid,OC,1360.0,1810-01-01,36.5,-79.25,"[-79, 36]"
5306,Ceniceros,Valid,L3.7,1025.0,1988-01-01,26.46667,-105.23333,"[-105, 26]"
5307,Centerville,Valid,H5,45.6,1956-01-01,43.2,-96.91667,"[-96, 43]"
5308,Cereseto,Valid,H5,6460.0,1840-01-01,45.08333,8.3,"[8, 45]"
5313,Chadong,Valid,L6,3700.0,1998-01-01,28.53333,109.31667,"[109, 28]"
5314,Chail,Valid,H6,0.5,1814-01-01,25.36667,81.66667,"[81, 25]"
5315,Chainpur,Valid,LL3.4,8200.0,1907-01-01,25.85,83.48333,"[83, 25]"
5316,Chajari,Valid,L5,18300.0,1933-01-01,-30.78333,-58.05,"[-58, -30]"
5320,Chandakapur,Valid,L5,8800.0,1838-01-01,20.26667,76.01667,"[76, 20]"
5321,Chandpur,Valid,L6,1100.0,1885-01-01,27.28333,79.05,"[79, 27]"
5322,Changde,Valid,H5,1810.0,1977-01-01,29.08333,111.75,"[111, 29]"
5325,Chantonnay,Valid,L6,31500.0,1812-01-01,46.68333,1.05,"[1, 46]"
5328,Charlotte,Valid,"Iron, IVA",4300.0,1835-01-01,36.16667,-87.33333,"[-87, 36]"
5329,Charsonville,Valid,H6,27000.0,1810-01-01,47.93333,1.56667,"[1, 47]"
5330,Charwallas,Valid,H6,12000.0,1834-01-01,29.48333,75.5,"[75, 29]"
5331,Chassigny,Valid,Martian (chassignite),4000.0,1815-01-01,47.71667,5.36667,"[5, 47]"
5332,Château-Renard,Valid,L6,30000.0,1841-01-01,47.93333,2.91667,"[2, 47]"
5334,Chaves,Valid,Howardite,2945.0,1925-01-01,41.93333,-7.46667,"[-7, 41]"
5338,Chela,Valid,H4,2936.0,1988-01-01,-3.66667,32.5,"[32, -3]"
57165,Chelyabinsk,Valid,LL5,100000.0,2013-01-01,54.81667,61.11667,"[61, 54]"
47347,Chergach ,Valid,H5,100000.0,2007-01-01,23.69639,-5.01472,"[-5, 23]"
5339,Chernyi Bor,Valid,H4,6000.0,1964-01-01,53.7,30.1,"[30, 53]"
5340,Cherokee Springs,Valid,LL6,8400.0,1933-01-01,35.03333,-81.88333,"[-81, 35]"
5341,Chervettaz,Valid,L5,705.0,1901-01-01,46.55,6.81667,"[6, 46]"
5342,Chervony Kut,Valid,Eucrite-mmict,1700.0,1939-01-01,50.83333,34.0,"[34, 50]"
5344,Chetrinahatti,Valid,Stone-uncl,72.0,1880-01-01,14.5,76.5,"[76, 14]"
5345,Chiang Khan,Valid,H6,367.0,1981-01-01,17.9,101.63333,"[101, 17]"
5349,Chicora,Valid,LL6,303.0,1938-01-01,40.93333,-79.73333,"[-79, 40]"
5355,Chisenga,Valid,"Iron, IIIAB",3920.0,1988-01-01,-10.05944,33.395,"[33, -10]"
5357,Chitenay,Valid,L6,4000.0,1978-01-01,47.47083,0.97667,"[0, 47]"
5364,Cilimus,Valid,L5,1600.0,1979-01-01,-6.95,108.1,"[108, -6]"
5374,Claxton,Valid,L6,1455.0,1984-01-01,32.1025,-81.87278,"[-81, 32]"
5395,Colby (Wisconsin),Valid,L6,104000.0,1917-01-01,44.9,-90.28333,"[-90, 44]"
5397,Cold Bokkeveld,Valid,CM2,5200.0,1838-01-01,-33.13333,19.38333,"[19, -33]"
5401,Coleman,Valid,L6,469.0,1994-01-01,43.76111,-84.50778,"[-84, 43]"
5403,Collescipoli,Valid,H5,5000.0,1890-01-01,42.53333,12.61667,"[12, 42]"
5418,Conquista,Valid,H4,20350.0,1965-01-01,-19.85,-47.55,"[-47, -19]"
5451,Cosina,Valid,H5,1200.0,1844-01-01,21.16667,-100.86667,"[-100, 21]"
5465,Cranganore,Valid,L6,1460.0,1917-01-01,10.2,76.26667,"[76, 10]"
5470,Crescent,Valid,CM2,78.4,1936-01-01,35.95,-97.58333,"[-97, 35]"
5474,Cronstad,Valid,H5,3650.0,1877-01-01,-27.7,27.3,"[27, -27]"
5476,Cross Roads,Valid,H5,167.0,1892-01-01,35.63333,-78.13333,"[-78, 35]"
5477,Crumlin,Valid,L5,4255.0,1902-01-01,54.61667,-6.21667,"[-6, 54]"
5496,Cumberland Falls,Valid,Aubrite,17000.0,1919-01-01,36.83333,-84.35,"[-84, 36]"
5500,Cynthiana,Valid,L/LL4,6000.0,1877-01-01,38.4,-84.25,"[-84, 38]"
5504,Dahmani,Valid,LL6,18000.0,1981-01-01,35.61667,8.83333,"[8, 35]"
5511,Dandapur,Valid,L6,5650.0,1878-01-01,26.91667,83.96667,"[83, 26]"
5513,Daniel's Kuil,Valid,EL6,1064.0,1868-01-01,-28.2,24.56667,"[24, -28]"
5514,Danville,Valid,L6,2000.0,1868-01-01,34.4,-87.06667,"[-87, 34]"
6603,Darmstadt,Valid,H5,100.0,1804-01-01,49.86667,8.65,"[8, 49]"
6604,Dashoguz,Valid,H5,7000.0,1998-01-01,41.98444,59.685,"[59, 41]"
51559,Daule,Valid,L5,6580.0,2008-01-01,-1.87089,-79.95756,"[-79, -1]"
6621,De Cewsville,Valid,H6,340.0,1887-01-01,43.0,-80.0,"[-80, 43]"
6634,Deal,Valid,L6,28.0,1829-01-01,40.25,-74.0,"[-74, 40]"
6642,Delhi,Valid,L5,0.8,1897-01-01,28.56667,77.25,"[77, 28]"
6649,Demina,Valid,L6,16400.0,1911-01-01,51.46667,84.76667,"[84, 51]"
6660,Denver,Valid,L6,230.0,1967-01-01,39.7825,-104.93056,"[-104, 39]"
6664,Dergaon,Valid,H5,12500.0,2001-01-01,26.68333,93.86667,"[93, 26]"
6693,Desuri,Valid,H6,25400.0,1962-01-01,25.73333,73.61667,"[73, 25]"
6694,Devgaon,Valid,H3.8,12000.0,2001-01-01,19.0,81.0,"[81, 19]"
6696,Devri-Khera,Valid,L6,1140.0,1994-01-01,24.225,76.525,"[76, 24]"
6698,Dhajala,Valid,H3.8,45000.0,1976-01-01,22.37778,71.42722,"[71, 22]"
6699,Dharwar,Valid,OC,1800.0,1848-01-01,14.88333,75.6,"[75, 14]"
7640,Dhurmsala,Valid,LL6,32000.0,1860-01-01,32.23333,76.46667,"[76, 32]"
47350,Didim,Valid,H3-5,3396.0,2007-01-01,37.35172,27.32997,"[27, 37]"
7642,Diep River,Valid,L6,1000.0,1906-01-01,-33.75,18.56667,"[18, -33]"
7649,Distrito Quebracho,Valid,H4,400.0,1957-01-01,-31.88333,-60.46667,"[-60, -31]"
7652,Djati-Pengilon,Valid,H6,166000.0,1884-01-01,-7.5,111.5,"[111, -7]"
7656,Djermaia,Valid,H,3950.0,1961-01-01,12.73333,15.05,"[15, 12]"
7657,Djoumine,Valid,H5-6,10000.0,1999-01-01,36.95,9.55,"[9, 36]"
7658,Dokachi,Valid,H5,3840.0,1903-01-01,23.5,90.33333,"[90, 23]"
7659,Dolgovoli,Valid,L6,1600.0,1864-01-01,50.75,25.3,"[25, 50]"
7661,Domanitch,Valid,L5,438.0,1907-01-01,40.0,29.0,"[29, 40]"
7706,Dong Ujimqin Qi,Valid,Mesosiderite,128800.0,1995-01-01,45.5,119.03333,"[119, 45]"
7707,Donga Kohrod,Valid,H6,230.0,1899-01-01,21.86667,82.45,"[82, 21]"
7708,Dongtai,Valid,LL6,5500.0,1970-01-01,32.91667,120.78333,"[120, 32]"
7718,Doroninsk,Valid,H5-7,3891.0,1805-01-01,51.2,112.3,"[112, 51]"
7722,Dosso,Valid,L6,1250.0,1962-01-01,13.05,3.16667,"[3, 13]"
7723,Douar Mghila,Valid,LL6,1161.0,1932-01-01,32.33333,-6.3,"[-6, 32]"
7725,Dowa,Valid,Stone-uncl,642.0,1976-01-01,-13.66667,33.91667,"[33, -13]"
7728,Drake Creek,Valid,L6,5000.0,1827-01-01,36.4,-86.5,"[-86, 36]"
7731,Dresden (Ontario),Valid,H6,47700.0,1939-01-01,42.52,-82.26,"[-82, 42]"
7736,Dubrovnik,Valid,L3-6,1900.0,1951-01-01,42.45833,18.44167,"[18, 42]"
7743,Dunbogan,Valid,L6,30.0,1999-01-01,-31.66667,152.83333,"[152, -31]"
7745,Dundrum,Valid,H5,2270.0,1865-01-01,52.55,-8.03333,"[-8, 52]"
7750,Durala,Valid,L6,13200.0,1815-01-01,30.3,76.63333,"[76, 30]"
7752,Duruma,Valid,L6,577.0,1853-01-01,-4.0,39.5,"[39, -4]"
7754,Duwun,Valid,L6,2117.0,1943-01-01,33.43333,127.26667,"[127, 33]"
7755,Dwaleni,Valid,H4-6,3230.0,1970-01-01,-27.2,31.31667,"[31, -27]"
7757,Dyalpur,Valid,Ureilite,300.0,1872-01-01,26.25,82.0,"[82, 26]"
7758,Dyarrl Island,Valid,Mesosiderite-A1,188.0,1933-01-01,-3.0,151.0,"[151, -3]"
7760,Eagle,Valid,EL6,10000.0,1947-01-01,40.78167,-96.47167,"[-96, 40]"
7774,Ehole,Valid,H5,2400.0,1961-01-01,-17.3,15.83333,"[15, -17]"
7775,Eichstädt,Valid,H5,3000.0,1785-01-01,48.9,11.21667,"[11, 48]"
7776,Ekeby,Valid,H4,3336.0,1939-01-01,56.03333,13.0,"[13, 56]"
7777,Ekh Khera,Valid,H6,840.0,1916-01-01,28.26667,78.78333,"[78, 28]"
7807,El Idrissia,Valid,L6,10000.0,1989-01-01,34.41667,3.25,"[3, 34]"
45977,El Paso de Aguila,Valid,H5,17226.0,1977-01-01,25.37,-97.37,"[-97, 25]"
7819,El Tigre,Valid,L6,5000.0,1993-01-01,19.96722,-103.05167,"[-103, 19]"
7822,Elbert,Valid,LL6,680.5,1998-01-01,39.24667,-104.58817,"[-104, 39]"
7824,Elenovka,Valid,L5,54640.0,1951-01-01,47.83333,37.66667,"[37, 47]"
10019,Ellemeet,Valid,Diogenite,1470.0,1925-01-01,51.75,4.0,"[4, 51]"
10033,Emmaville,Valid,Eucrite-mmict,127.0,1900-01-01,-29.46667,151.61667,"[151, -29]"
10038,Enshi,Valid,H5,8000.0,1974-01-01,30.3,109.5,"[109, 30]"
10041,Épinal,Valid,H5,277.0,1822-01-01,48.18333,6.46667,"[6, 48]"
10042,Erakot,Valid,CM2,113.0,1940-01-01,19.03333,81.89167,"[81, 19]"
10043,Erevan,Valid,Howardite,107.2,1911-01-01,40.3,44.5,"[44, 40]"
10044,Ergheo,Valid,L5,20000.0,1889-01-01,1.16667,44.16667,"[44, 1]"
10049,Erxleben,Valid,H6,2250.0,1812-01-01,52.21667,11.25,"[11, 52]"
10051,Esnandes,Valid,L6,1500.0,1837-01-01,46.25,-1.1,"[-1, 46]"
10055,Essebi,Valid,C2-ung,500.0,1957-01-01,2.88333,30.83333,"[30, 2]"
10059,Estherville,Valid,Mesosiderite-A3/4,320000.0,1879-01-01,43.41667,-94.83333,"[-94, 43]"
10074,Farmington,Valid,L5,89400.0,1890-01-01,39.75,-97.03333,"[-97, 39]"
10075,Farmville,Valid,H4,56000.0,1934-01-01,35.55,-77.53333,"[-77, 35]"
10078,Favars,Valid,H5,1500.0,1844-01-01,44.38333,2.81667,"[2, 44]"
10079,Fayetteville,Valid,H4,2360.0,1934-01-01,36.05,-94.16667,"[-94, 36]"
10080,Feid Chair,Valid,H4,380.0,1875-01-01,36.88333,8.45,"[8, 36]"
10081,Felix,Valid,CO3.3,3200.0,1900-01-01,32.53333,-87.16667,"[-87, 32]"
10086,Fenghsien-Ku,Valid,H5,82.0,1924-01-01,34.6,116.75,"[116, 34]"
10088,Ferguson,Valid,OC,220.0,1889-01-01,36.1,-81.41667,"[-81, 36]"
10091,Fermo,Valid,H3-5,10200.0,1996-01-01,43.18111,13.75333,"[13, 43]"
10107,Fisher,Valid,L6,17600.0,1894-01-01,47.81667,-96.85,"[-96, 47]"
10111,Florence,Valid,H3,3640.0,1922-01-01,30.83333,-97.76667,"[-97, 30]"
10119,Forest City,Valid,H5,152000.0,1890-01-01,43.25,-93.66667,"[-93, 43]"
10120,Forest Vale,Valid,H4,26000.0,1942-01-01,-33.35,146.85833,"[146, -33]"
10123,Forksville,Valid,L6,6067.0,1924-01-01,36.78333,-78.08333,"[-78, 36]"
10163,Forsbach,Valid,H6,240.0,1900-01-01,50.95,7.31667,"[7, 50]"
10164,Forsyth,Valid,L6,16300.0,1829-01-01,33.01667,-83.96667,"[-83, 33]"
10177,Frankfort (stone),Valid,Howardite,650.0,1868-01-01,34.48333,-87.83333,"[-87, 34]"
52412,Fuhe,Valid,L5,23000.0,1945-01-01,31.47556,113.56694,"[113, 31]"
10836,Fukutomi,Valid,L5,11620.0,1882-01-01,33.18333,130.2,"[130, 33]"
10839,Futtehpur,Valid,L6,4000.0,1822-01-01,25.95,80.81667,"[80, 25]"
10840,Fuyang,Valid,Stone-uncl,2500.0,1977-01-01,32.9,115.9,"[115, 32]"
10846,Galapian,Valid,H6,132.7,1826-01-01,44.3,0.4,"[0, 44]"
10848,Galim (a),Valid,LL6,36.1,1952-01-01,7.05,12.43333,"[12, 7]"
10849,Galim (b),Valid,EH3/4-an,28.0,1952-01-01,7.05,12.43333,"[12, 7]"
10850,Galkiv,Valid,H4,5000.0,1995-01-01,51.68333,30.78333,"[30, 51]"
10851,Gambat,Valid,L6,6400.0,1897-01-01,27.35,68.53333,"[68, 27]"
10860,Garhi Yasin,Valid,"Iron, IIE",380.0,1917-01-01,27.88333,68.53333,"[68, 27]"
10861,Garland,Valid,Diogenite-pm,102.0,1950-01-01,41.68333,-112.13333,"[-112, 41]"
44882,Gashua,Valid,L6,4162.0,1984-01-01,12.85,11.03333,"[11, 12]"
10870,Geidam,Valid,H5,725.0,1950-01-01,12.91667,11.91667,"[11, 12]"
10914,Gifu,Valid,L6,14290.0,1909-01-01,35.53333,136.88333,"[136, 35]"
10917,Girgenti,Valid,L6,18000.0,1853-01-01,37.31667,13.56667,"[13, 37]"
10919,Git-Git,Valid,L6,480.0,1947-01-01,9.6,9.91667,"[9, 9]"
10923,Glanerbrug,Valid,L/LL5,670.0,1990-01-01,52.2,6.86667,"[6, 52]"
10924,Glanggang,Valid,H5-6,1303.0,1939-01-01,-7.25,107.7,"[107, -7]"
10926,Glasatovo,Valid,H4,152000.0,1918-01-01,57.35,37.61667,"[37, 57]"
10930,Glatton,Valid,L6,767.0,1991-01-01,52.45972,-0.3,"[0, 52]"
10936,Gnadenfrei,Valid,H5,1750.0,1879-01-01,50.66667,16.76667,"[16, 50]"
10948,Gopalpur,Valid,H6,1600.0,1865-01-01,24.23333,89.05,"[89, 24]"
10949,Gorlovka,Valid,H3.7,3618.0,1974-01-01,48.28333,38.08333,"[38, 48]"
10956,Granes,Valid,L6,9000.0,1964-01-01,42.9,2.25,"[2, 42]"
11196,Grefsheim,Valid,L5,45.5,1976-01-01,60.66667,11.0,"[11, 60]"
50911,Grimsby,Valid,H5,215.0,2009-01-01,43.2,-79.61667,"[-79, 43]"
11206,Grosnaja,Valid,CV3,3500.0,1861-01-01,43.66667,45.38333,"[45, 43]"
11207,Gross-Divina,Valid,H5,10500.0,1837-01-01,49.26667,18.71667,"[18, 49]"
11208,Grossliebenthal,Valid,L6,8000.0,1881-01-01,46.35,30.58333,"[30, 46]"
11426,Grüneberg,Valid,H4,1000.0,1841-01-01,51.93333,15.5,"[15, 51]"
11429,Grzempach,Valid,H5,690.0,1910-01-01,52.86667,16.63333,"[16, 52]"
11432,Gualeguaychú,Valid,H6,22000.0,1932-01-01,-33.0,-58.61667,"[-58, -33]"
11435,Guangmingshan,Valid,H5,2910.0,1996-01-01,39.80417,122.76389,"[122, 39]"
11437,Guangrao,Valid,L6,1900.0,1980-01-01,37.1,118.4,"[118, 37]"
11439,Guareña,Valid,H6,39000.0,1892-01-01,38.73333,-6.01667,"[-6, 38]"
11440,Guêa,Valid,Stone-uncl,1915.0,1891-01-01,43.76667,20.23333,"[20, 43]"
11442,Guibga,Valid,L5,288.0,1972-01-01,13.5,-0.68333,"[0, 13]"
11443,Guidder,Valid,LL5,968.0,1949-01-01,9.91667,13.98333,"[13, 9]"
11448,Gujargaon,Valid,H5,2449.0,1982-01-01,22.98333,76.05,"[76, 22]"
11449,Gujba,Valid,CBa,100000.0,1984-01-01,11.49167,11.65833,"[11, 11]"
11450,Gumoschnik,Valid,H5,5700.0,1904-01-01,42.9,24.7,"[24, 42]"
11464,Gurram Konda,Valid,L6,28.0,1814-01-01,13.78333,78.56667,"[78, 13]"
11465,Gursum,Valid,H4/5,34650.0,1981-01-01,9.36667,42.41667,"[42, 9]"
11466,Gütersloh,Valid,H3/4,1000.0,1851-01-01,51.91667,8.38333,"[8, 51]"
11467,Gyokukei,Valid,OC,1320.0,1930-01-01,35.0,127.5,"[127, 35]"
11468,Hachi-oji,Valid,H?,0.2,1817-01-01,35.65,139.33333,"[139, 35]"
11472,Hainaut,Valid,H3-6,9000.0,1934-01-01,50.31667,3.73333,"[3, 50]"
11479,Hallingeberg,Valid,L3.4,1456.0,1944-01-01,57.81667,16.23333,"[16, 57]"
11485,Hamlet,Valid,LL4,3710.0,1959-01-01,41.38333,-86.6,"[-86, 41]"
11824,Haraiya,Valid,Eucrite-mmict,1000.0,1878-01-01,26.8,82.53333,"[82, 26]"
11829,Haripura,Valid,CM2,315.0,1921-01-01,28.38333,75.78333,"[75, 28]"
11830,Harleton,Valid,L6,8360.0,1961-01-01,32.675,-94.51167,"[-94, 32]"
11842,Harrison County,Valid,L6,680.0,1859-01-01,38.25,-86.16667,"[-86, 38]"
11848,Hashima,Valid,H4,1110.6,1910-01-01,35.2945,136.70033,"[136, 35]"
11852,Hassi-Jekna,Valid,"Iron, IAB-sHL",1250.0,1890-01-01,28.95,0.81667,"[0, 28]"
11859,Haverö,Valid,Ureilite,1544.0,1971-01-01,60.24556,22.06194,"[22, 60]"
11869,Hedeskoga,Valid,H5,3500.0,1922-01-01,55.46667,13.78333,"[13, 55]"
11870,Hedjaz,Valid,L3.7-6,6100.0,1910-01-01,27.33333,35.66667,"[35, 27]"
11875,Heredia,Valid,H5,1000.0,1857-01-01,10.0,-84.1,"[-84, 10]"
11878,Hessle,Valid,H5,20000.0,1869-01-01,59.85,17.66667,"[17, 59]"
11883,Higashi-koen,Valid,H5,750.0,1897-01-01,33.6,130.43333,"[130, 33]"
11884,High Possil,Valid,L6,4500.0,1804-01-01,55.9,-4.23333,"[-4, 55]"
11889,Hiroshima,Valid,H5,414.0,2003-01-01,34.45,132.38333,"[132, 34]"
44714,Hoima,Valid,H6,167.7,2003-01-01,1.345,31.47278,"[31, 1]"
11893,Hökmark,Valid,L4,305.5,1954-01-01,64.43333,21.2,"[21, 64]"
11894,Holbrook,Valid,L/LL6,220000.0,1912-01-01,34.9,-110.18333,"[-110, 34]"
11895,Holetta,Valid,Stone-uncl,1415.0,1923-01-01,9.06667,38.41667,"[38, 9]"
11901,Homestead,Valid,L5,230000.0,1875-01-01,41.8,-91.86667,"[-91, 41]"
11904,Honolulu,Valid,L5,2420.0,1825-01-01,21.3,-157.86667,"[-157, 21]"
11913,Hotse,Valid,L6,180.0,1956-01-01,35.66667,115.5,"[115, 35]"
11915,Hoxie,Valid,OC,266.1,1963-01-01,39.35,-100.45,"[-100, 39]"
11916,Hraschina,Valid,"Iron, IID",49000.0,1751-01-01,46.1,16.33333,"[16, 46]"
54719,Huaxi,Valid,H5,1600.0,2010-01-01,26.46469,106.63241,"[106, 26]"
11986,Hungen,Valid,H6,112.0,1877-01-01,50.3,8.91667,"[8, 50]"
11989,Hvittis,Valid,EL6,14000.0,1901-01-01,61.18333,22.68333,"[22, 61]"
11992,Ibbenbüren,Valid,Diogenite,2000.0,1870-01-01,52.28333,7.7,"[7, 52]"
11993,Ibitira,Valid,Eucrite-mmict,2500.0,1957-01-01,-20.0,-45.0,"[-45, -20]"
11995,Ichkala,Valid,H6,3973.0,1936-01-01,58.2,82.93333,"[82, 58]"
12000,Idutywa,Valid,H5,3457.0,1956-01-01,-32.1,28.33333,"[28, -32]"
12003,Iguaracu,Valid,H5,1200.0,1977-01-01,-23.2,-51.83333,"[-51, -23]"
12004,Ijopega,Valid,H6,7330.0,1975-01-01,-6.03333,145.36667,"[145, -6]"
12027,Indarch,Valid,EH4,27000.0,1891-01-01,39.75,46.66667,"[46, 39]"
12028,Independence,Valid,L6,880.0,1917-01-01,39.08333,-94.4,"[-94, 39]"
12037,Inner Mongolia,Valid,L6,3000.0,1963-01-01,41.0,112.0,"[112, 41]"
12039,Innisfree,Valid,L5,4576.0,1977-01-01,53.415,-111.3375,"[-111, 53]"
12043,Ipiranga,Valid,H6,7000.0,1972-01-01,-25.5,-54.5,"[-54, -25]"
12049,Ishinga,Valid,H,1300.0,1954-01-01,-8.93333,33.8,"[33, -8]"
12053,Isthilart,Valid,H5,3050.0,1928-01-01,-31.18333,-57.95,"[-57, -31]"
12056,Itapicuru-Mirim,Valid,H5,2024.0,1879-01-01,-3.4,-44.33333,"[-44, -3]"
12058,Itqiy,Valid,EH7-an,4720.0,1990-01-01,26.59083,-12.95217,"[-12, 26]"
12063,Ivuna,Valid,CI1,704.5,1938-01-01,-8.41667,32.43333,"[32, -8]"
12065,Jackalsfontein,Valid,L6,48000.0,1903-01-01,-32.5,21.9,"[21, -32]"
12067,Jajh deh Kot Lalu,Valid,EL6,973.0,1926-01-01,26.75,68.41667,"[68, 26]"
12072,Jamkheir,Valid,H6,22.0,1866-01-01,18.75,75.33333,"[75, 18]"
12074,Jartai,Valid,L6,20500.0,1979-01-01,39.7,105.8,"[105, 39]"
12078,Jelica,Valid,LL6,34000.0,1889-01-01,43.83333,20.44167,"[20, 43]"
51589,Jesenice,Valid,L6,3667.0,2009-01-01,46.42137,14.05217,"[14, 46]"
12085,Jhung,Valid,L5,5900.0,1873-01-01,31.3,72.38333,"[72, 31]"
12086,Jiange,Valid,H5,222.0,1964-01-01,31.91667,104.91667,"[104, 31]"
12087,Jianshi,Valid,"Iron, IIIAB",600000.0,1890-01-01,30.80833,109.5,"[109, 30]"
12171,Jilin,Valid,H5,4000000.0,1976-01-01,44.05,126.16667,"[126, 44]"
47362,Jodiya,Valid,L5,100.0,2006-01-01,22.68,70.31333,"[70, 22]"
12173,Jodzie,Valid,Howardite,30.0,1877-01-01,55.7,24.4,"[24, 55]"
12198,Johnstown,Valid,Diogenite,40300.0,1924-01-01,40.35,-104.9,"[-104, 40]"
12199,Jolomba,Valid,LL6,483.0,1974-01-01,-11.85,15.83333,"[15, -11]"
12202,Jonzac,Valid,Eucrite-mmict,5000.0,1819-01-01,45.43333,-0.45,"[0, 45]"
12203,Juancheng,Valid,H5,100000.0,1997-01-01,35.5,115.41667,"[115, 35]"
12207,Judesegeri,Valid,H6,680.0,1876-01-01,12.85,76.8,"[76, 12]"
12209,Jumapalo,Valid,L6,32490.0,1984-01-01,-7.71667,111.2,"[111, -7]"
12210,Junan,Valid,L6,950.0,1976-01-01,35.2,118.8,"[118, 35]"
12213,Juromenha,Valid,"Iron, IIIAB",25250.0,1968-01-01,38.74028,-7.27,"[-7, 38]"
12214,Juvinas,Valid,Eucrite-mmict,91000.0,1821-01-01,44.71667,4.3,"[4, 44]"
12218,Kaba,Valid,CV3,3000.0,1857-01-01,47.35,21.3,"[21, 47]"
12220,Kabo,Valid,H4,13400.0,1971-01-01,11.85,8.21667,"[8, 11]"
12221,Kadonah,Valid,H6,89.0,1822-01-01,27.08333,78.33333,"[78, 27]"
12222,Kaee,Valid,H5,230.0,1838-01-01,27.25,79.96667,"[79, 27]"
12227,Kagarlyk,Valid,L6,1900.0,1908-01-01,49.86667,30.83333,"[30, 49]"
12228,Kaidun,Valid,CR2,2000.0,1980-01-01,15.0,48.3,"[48, 15]"
12229,Kainsaz,Valid,CO3.2,200000.0,1937-01-01,55.43333,53.25,"[53, 55]"
12230,Kakangari,Valid,K3,350.0,1890-01-01,12.38333,78.51667,"[78, 12]"
12231,Kakowa,Valid,L6,577.0,1858-01-01,45.13333,21.66667,"[21, 45]"
12232,Kalaba,Valid,H4,950.0,1951-01-01,-6.83333,29.5,"[29, -6]"
12236,Kalumbi,Valid,L6,4500.0,1879-01-01,17.83333,73.98333,"[73, 17]"
12238,Kamalpur,Valid,L6,2770.0,1942-01-01,26.03333,81.46667,"[81, 26]"
12240,Kamiomi,Valid,H5,448.0,1913-01-01,36.04167,139.95667,"[139, 36]"
12241,Kamsagar,Valid,L6,1293.0,1902-01-01,14.18333,75.8,"[75, 14]"
12243,Kandahar (Afghanistan),Valid,L6,299.0,1959-01-01,31.6,65.78333,"[65, 31]"
12245,Kangean,Valid,H5,1630.0,1908-01-01,-7.0,115.5,"[115, -7]"
12246,Kangra Valley,Valid,H5,400.0,1897-01-01,32.08333,76.3,"[76, 32]"
12251,Kapoeta,Valid,Howardite,11355.0,1942-01-01,4.7,33.63333,"[33, 4]"
47357,Kaprada,Valid,L5/6,1600.0,2004-01-01,20.33916,73.22329,"[73, 20]"
12253,Kaptal-Aryk,Valid,L6,3500.0,1937-01-01,42.45,73.36667,"[73, 42]"
12256,Karakol,Valid,LL6,3000.0,1840-01-01,47.21667,81.01667,"[81, 47]"
12258,Karatu,Valid,LL6,2220.0,1963-01-01,-3.5,35.58333,"[35, -3]"
12260,Karewar,Valid,L6,180.0,1949-01-01,12.9,7.15,"[7, 12]"
12262,Karkh,Valid,L6,22000.0,1905-01-01,27.8,67.16667,"[67, 27]"
12263,Karloowala,Valid,L6,2950.0,1955-01-01,31.58333,71.6,"[71, 31]"
12264,Karoonda,Valid,CK4,41730.0,1930-01-01,-35.08333,139.91667,"[139, -35]"
12266,Kasamatsu,Valid,H,710.0,1938-01-01,35.36667,136.76667,"[136, 35]"
30740,Kasauli,Valid,H4,16820.0,2003-01-01,29.58333,77.58333,"[77, 29]"
35465,Katagum,Valid,L6,1500.0,1999-01-01,11.33333,10.08333,"[10, 11]"
47351,Kavarpura,Valid,"Iron, IIE-an",6800.0,2006-01-01,25.14333,75.81333,"[75, 25]"
12268,Kayakent,Valid,"Iron, IIIAB",85000.0,1961-01-01,39.26333,31.78,"[31, 39]"
12270,Kediri,Valid,L4,3300.0,1940-01-01,-7.75,112.01667,"[112, -7]"
53654,Kemer,Valid,L4,5760.0,2008-01-01,36.54194,29.41822,"[29, 36]"
12275,Kendleton,Valid,L4,6937.0,1939-01-01,29.45,-96.0,"[-96, 29]"
12276,Kendrapara,Valid,H4-5,6669.2,2003-01-01,20.4625,86.70278,"[86, 20]"
12282,Kerilis,Valid,H5,5000.0,1874-01-01,48.4,-3.3,"[-3, 48]"
12284,Kernouve,Valid,H6,80000.0,1869-01-01,48.11667,-3.08333,"[-3, 48]"
12286,Kesen,Valid,H4,135000.0,1850-01-01,38.98333,141.61667,"[141, 38]"
12288,Khairpur,Valid,EL6,13600.0,1873-01-01,29.53333,72.3,"[72, 29]"
12289,Khanpur,Valid,LL5,3698.0,1932-01-01,25.55,83.11667,"[83, 25]"
12291,Kharkov,Valid,L6,1500.0,1787-01-01,50.625,35.075,"[35, 50]"
12294,Kheragur,Valid,L6,450.0,1860-01-01,26.95,77.88333,"[77, 26]"
12296,Khetri,Valid,H6,100.0,1867-01-01,28.01667,75.81667,"[75, 28]"
12297,Khmelevka,Valid,L5,6109.0,1929-01-01,56.75,75.33333,"[75, 56]"
12298,Khohar,Valid,L3.6,9700.0,1910-01-01,25.1,81.53333,"[81, 25]"
12299,Khor Temiki,Valid,Aubrite,3200.0,1932-01-01,16.0,36.0,"[36, 16]"
12300,Kidairat,Valid,H6,100000.0,1983-01-01,14.0,28.0,"[28, 14]"
12301,Kiel,Valid,L6,737.6,1962-01-01,54.4,10.15,"[10, 54]"
12303,Kiffa,Valid,H5,1500.0,1970-01-01,16.58333,-11.33333,"[-11, 16]"
12305,Kijima (1906),Valid,Stone-uncl,331.0,1906-01-01,36.85,138.38333,"[138, 36]"
12306,Kikino,Valid,H6,195.0,1809-01-01,55.0,34.0,"[34, 55]"
12307,Kilabo,Valid,LL6,19000.0,2002-01-01,12.76667,9.8,"[9, 12]"
12308,Kilbourn,Valid,H5,772.0,1911-01-01,43.58333,-89.6,"[-89, 43]"
12309,Killeter,Valid,H6,140.0,1844-01-01,54.66667,-7.66667,"[-7, 54]"
12316,Kingai,Valid,H6,67.4,1967-01-01,11.63333,24.68333,"[24, 11]"
12321,Kirbyville,Valid,Eucrite-mmict,97.7,1906-01-01,30.75,-95.95,"[-95, 30]"
12325,Kisvarsány,Valid,L6,1550.0,1914-01-01,48.16667,22.30833,"[22, 48]"
12326,Kitchener,Valid,L6,202.6,1998-01-01,43.38333,-80.38333,"[-80, 43]"
12332,Klein-Wenden,Valid,H6,3250.0,1843-01-01,51.6,10.8,"[10, 51]"
12335,Knyahinya,Valid,L/LL5,500000.0,1866-01-01,48.9,22.4,"[22, 48]"
12336,Kobe,Valid,CK4,136.0,1999-01-01,34.73333,135.16667,"[135, 34]"
12342,Kokubunji,Valid,L6,11510.0,1986-01-01,34.3,133.95,"[133, 34]"
12343,Komagome,Valid,Iron,238.0,1926-01-01,35.73333,139.75,"[139, 35]"
12344,Konovo,Valid,LL5,90.0,1931-01-01,42.51667,26.16667,"[26, 42]"
53810,Košice,Valid,H5,4300.0,2010-01-01,48.76367,21.17633,"[21, 48]"
12353,Krähenberg,Valid,LL5,16500.0,1869-01-01,49.32694,7.46472,"[7, 49]"
12355,Krasnoi-Ugol,Valid,L6,2440.0,1829-01-01,54.03333,40.9,"[40, 54]"
12357,Krasnyi Klyuch,Valid,H5,4000.0,1946-01-01,54.33333,56.08333,"[56, 54]"
12363,Krutikha,Valid,OC,845.2,1906-01-01,56.8,77.0,"[77, 56]"
12364,Krymka,Valid,LL3.2,50000.0,1946-01-01,47.83333,30.76667,"[30, 47]"
12368,Kukschin,Valid,L6,2250.0,1938-01-01,51.15,31.7,"[31, 51]"
12369,Kulak,Valid,L5,453.6,1961-01-01,30.73111,66.80222,"[66, 30]"
12370,Kuleschovka,Valid,L6,6000.0,1811-01-01,50.75,33.5,"[33, 50]"
12373,Kulp,Valid,H6,3719.0,1906-01-01,41.11667,45.0,"[45, 41]"
12377,Kunashak,Valid,L6,200000.0,1949-01-01,55.78333,61.36667,"[61, 55]"
12379,Kunya-Urgench,Valid,H5,1100000.0,1998-01-01,42.25,59.2,"[59, 42]"
12381,Kushiike,Valid,OC,4460.0,1920-01-01,37.05,138.38333,"[138, 37]"
12382,Kusiali,Valid,L6,5.0,1860-01-01,29.68333,78.38333,"[78, 29]"
12383,Kutais,Valid,H5,23.0,1977-01-01,44.51667,39.3,"[39, 44]"
12384,Kuttippuram,Valid,L6,45000.0,1914-01-01,10.83333,76.03333,"[76, 10]"
12385,Kuznetzovo,Valid,L6,4047.0,1932-01-01,55.2,75.33333,"[75, 55]"
12390,Kyushu,Valid,L6,45000.0,1886-01-01,32.03333,130.63333,"[130, 32]"
12392,La Bécasse,Valid,L6,2800.0,1879-01-01,47.08333,1.75,"[1, 47]"
12394,La Charca,Valid,OC,399.0,1878-01-01,20.66667,-101.28333,"[-101, 20]"
12395,La Colina,Valid,H5,2000.0,1924-01-01,-37.33333,-61.53333,"[-61, -37]"
12396,La Criolla,Valid,L6,45000.0,1985-01-01,-31.23333,-58.16667,"[-58, -31]"
12408,Laborel,Valid,H5,3833.0,1871-01-01,44.28333,5.58333,"[5, 44]"
12433,Lahrauli,Valid,Ureilite,900.0,1955-01-01,26.78333,82.71667,"[82, 26]"
12434,L'Aigle,Valid,L6,37000.0,1803-01-01,48.76667,0.63333,"[0, 48]"
12435,Lakangaon,Valid,Eucrite-mmict,212.5,1910-01-01,21.86667,76.03333,"[76, 21]"
12451,Lalitpur,Valid,L6,372.0,1887-01-01,24.45,78.56667,"[78, 24]"
12455,Lancé,Valid,CO3.5,51700.0,1872-01-01,47.7,1.06667,"[1, 47]"
12456,Lancon,Valid,H6,7000.0,1897-01-01,43.75,5.11667,"[5, 43]"
12461,Långhalsen,Valid,L6,2300.0,1947-01-01,58.85,16.73333,"[16, 58]"
12464,Lanxi,Valid,L6,1282.0,1986-01-01,46.24167,126.19611,"[126, 46]"
12465,Lanzenkirchen,Valid,L4,7000.0,1925-01-01,47.75,16.23333,"[16, 47]"
12466,Laochenzhen,Valid,H5,14250.0,1987-01-01,33.13333,115.16667,"[115, 33]"
12740,Launton,Valid,L6,1060.0,1830-01-01,51.9,-1.11667,"[-1, 51]"
12743,Lavrentievka,Valid,L6,800.0,1938-01-01,52.45,51.56667,"[51, 52]"
12748,Le Pressoir,Valid,H5,3000.0,1845-01-01,47.16667,0.43333,"[0, 47]"
12749,Le Teilleul,Valid,Howardite,780.0,1845-01-01,48.53333,-0.86667,"[0, 48]"
12755,Leedey,Valid,L6,51500.0,1943-01-01,35.88333,-99.33333,"[-99, 35]"
12756,Leeuwfontein,Valid,L6,460.0,1912-01-01,-25.66667,28.36667,"[28, -25]"
12759,Leighlinbridge,Valid,L6,271.4,1999-01-01,52.66667,-6.96667,"[-6, 52]"
12760,Leighton,Valid,H5,877.0,1907-01-01,34.58333,-87.5,"[-87, 34]"
12765,Leonovka,Valid,L6,700.0,1900-01-01,52.26667,32.85,"[32, 52]"
12769,Les Ormes,Valid,L6,125.0,1857-01-01,48.35,3.25,"[3, 48]"
12772,Lesves,Valid,L6,2000.0,1896-01-01,50.36667,4.73333,"[4, 50]"
14646,Lichtenberg,Valid,H6,4000.0,1973-01-01,-26.15,26.18333,"[26, -26]"
14650,Lillaverke,Valid,H5,6862.0,1930-01-01,56.65,15.86667,"[15, 56]"
14652,Limerick,Valid,H5,50000.0,1813-01-01,52.56667,-8.78333,"[-8, 52]"
14655,Linum,Valid,L6,1862.0,1854-01-01,52.75,12.9,"[12, 52]"
14659,Lishui,Valid,L5,498.0,1978-01-01,31.63333,118.98333,"[118, 31]"
14661,Lissa,Valid,L6,12800.0,1808-01-01,50.2,14.85,"[14, 50]"
14664,Little Piney,Valid,L5,491.0,1839-01-01,37.91667,-92.08333,"[-92, 37]"
14670,Lixna,Valid,H4,5213.0,1820-01-01,56.0,26.43333,"[26, 56]"
14675,Lodran,Valid,Lodranite,1000.0,1868-01-01,29.53333,71.8,"[71, 29]"
14678,Lohawat,Valid,Howardite,40000.0,1994-01-01,26.96556,72.62667,"[72, 26]"
52843,Lorton,Valid,L6,329.7,2010-01-01,38.70066,-77.21163,"[-77, 38]"
14708,Los Martinez,Valid,L6,25.0,1894-01-01,38.0,-0.83333,"[0, 38]"
14711,Lost City,Valid,H5,17000.0,1970-01-01,36.00833,-95.15,"[-95, 36]"
14716,Louisville,Valid,L6,1300.0,1977-01-01,38.25,-85.75,"[-85, 38]"
14718,Łowicz,Valid,Mesosiderite-A3,59000.0,1935-01-01,52.0,19.91667,"[19, 52]"
14721,Lua,Valid,L5,9241.0,1926-01-01,24.95,75.15,"[75, 24]"
14724,Lucé,Valid,L6,3500.0,1768-01-01,47.85,0.48333,"[0, 47]"
14753,Lumpkin,Valid,L6,340.0,1869-01-01,32.03333,-84.76667,"[-84, 32]"
14754,Lunan,Valid,H6,2520.0,1980-01-01,24.8,103.3,"[103, 24]"
14755,Lundsgård,Valid,L6,11000.0,1889-01-01,56.21667,13.03333,"[13, 56]"
14756,Luotolax,Valid,Howardite,885.0,1813-01-01,61.2,27.7,"[27, 61]"
14757,Luponnas,Valid,H3-5,14000.0,1753-01-01,46.21667,5.0,"[5, 46]"
14764,Mabwe-Khoywa,Valid,L5,540.0,1937-01-01,19.0,97.0,"[97, 19]"
15370,Macau,Valid,H5,1500.0,1836-01-01,-5.2,-36.66667,"[-36, -5]"
15371,Machinga,Valid,L6,93200.0,1981-01-01,-15.21222,35.24222,"[35, -15]"
15372,Macibini,Valid,Eucrite-pmict,1995.0,1936-01-01,-28.83333,31.95,"[31, -28]"
15379,Madhipura,Valid,L,1000.0,1950-01-01,25.91667,86.36667,"[86, 25]"
15380,Madiun,Valid,L6,400.0,1935-01-01,-7.75,111.53333,"[111, -7]"
15382,Madrid,Valid,L6,400.0,1896-01-01,40.41667,-3.71667,"[-3, 40]"
15383,Mafra,Valid,L3-4,600.0,1941-01-01,-26.16667,-49.93333,"[-49, -26]"
15386,Magnesia,Valid,"Iron, IAB-sHL",5000.0,1899-01-01,37.86667,27.51667,"[27, 37]"
15387,Magombedze,Valid,H3-5,666.6,1990-01-01,-19.48333,31.65,"[31, -19]"
47361,Mahadevpur,Valid,H4/5,70500.0,2007-01-01,27.66667,95.78333,"[95, 27]"
30751,Maigatari-Danduma,Valid,H5/6,4629.0,2004-01-01,12.83333,9.38333,"[9, 12]"
15393,Malaga,Valid,OC,150.0,1933-01-01,32.21667,-104.0,"[-104, 32]"
15394,Malakal,Valid,L5,2000.0,1970-01-01,9.5,31.75,"[31, 9]"
15395,Malampaka,Valid,H,470.0,1930-01-01,-3.13333,33.51667,"[33, -3]"
15400,Malvern,Valid,Eucrite-pmict,807.0,1933-01-01,-29.45,26.76667,"[26, -29]"
15401,Mamra Springs,Valid,L6,1000.0,1927-01-01,45.21667,62.08333,"[62, 45]"
15402,Manbhoom,Valid,LL6,1700.0,1863-01-01,23.05,86.7,"[86, 23]"
15403,Manegaon,Valid,Diogenite,50.0,1843-01-01,20.96667,76.1,"[76, 20]"
15405,Mangwendi,Valid,LL6,22300.0,1934-01-01,-17.65,31.6,"[31, -17]"
15409,Manych,Valid,LL3.4,3555.0,1951-01-01,45.81667,44.63333,"[44, 45]"
15414,Mardan,Valid,H5,4500.0,1948-01-01,34.23333,72.08333,"[72, 34]"
15419,Mariaville,Valid,Iron,340.0,1898-01-01,42.71667,-99.38333,"[-99, 42]"
48973,Maribo,Valid,CM2,25.81,2009-01-01,54.76183,11.46745,"[11, 54]"
15421,Maridi,Valid,H6,3200.0,1941-01-01,4.66667,29.25,"[29, 4]"
15422,Marilia,Valid,H4,2500.0,1971-01-01,-22.25,-49.93333,"[-49, -22]"
15424,Marion (Iowa),Valid,L6,28400.0,1847-01-01,41.9,-91.6,"[-91, 41]"
15426,Marjalahti,Valid,"Pallasite, PMG",45000.0,1902-01-01,61.5,30.5,"[30, 61]"
15429,Marmande,Valid,L5,3000.0,1848-01-01,44.5,0.15,"[0, 44]"
15430,Maromandia,Valid,L6,6000.0,2002-01-01,-14.2,48.1,"[48, -14]"
15436,Maryville,Valid,L6,1443.0,1983-01-01,35.8,-84.1,"[-84, 35]"
15438,Mascombes,Valid,L6,1000.0,1836-01-01,45.36667,1.86667,"[1, 45]"
53653,Mason Gully,Valid,H5,24.54,2010-01-01,0.0,0.0,"[0, 0]"
15443,Mässing,Valid,Howardite,1600.0,1803-01-01,48.13333,12.61667,"[12, 48]"
15446,Mauerkirchen,Valid,L6,19000.0,1768-01-01,48.18333,13.13333,"[13, 48]"
15447,Mauritius,Valid,L6,220.0,1801-01-01,-20.0,57.0,"[57, -20]"
15451,Mayo Belwa,Valid,Aubrite,4850.0,1974-01-01,8.96667,12.08333,"[12, 8]"
15453,Mazapil,Valid,"Iron, IAB-sLL",4000.0,1885-01-01,24.68333,-101.68333,"[-101, 24]"
15454,Maziba,Valid,L6,4975.0,1942-01-01,-1.21667,30.0,"[30, -1]"
15455,Mbale,Valid,L5/6,150000.0,1992-01-01,1.06667,34.16667,"[34, 1]"
15467,Medanitos,Valid,Eucrite-cm,31.0,1953-01-01,-27.25,-67.5,"[-67, -27]"
15469,Meerut,Valid,H5,22.0,1861-01-01,29.01667,77.8,"[77, 29]"
15470,Meester-Cornelis,Valid,H5,24750.0,1915-01-01,-6.23333,106.88333,"[106, -6]"
15485,Menow,Valid,H4,10500.0,1862-01-01,53.18333,13.15,"[13, 53]"
15486,Menziswyl,Valid,L5,28.9,1903-01-01,46.81867,7.21817,"[7, 46]"
15489,Mern,Valid,L6,4000.0,1878-01-01,55.05,12.06667,"[12, 55]"
15491,Meru,Valid,LL6,6000.0,1945-01-01,0.0,37.66667,"[37, 0]"
15492,Merua,Valid,H5,71400.0,1920-01-01,25.48333,81.98333,"[81, 25]"
15495,Messina,Valid,L5,2405.0,1955-01-01,38.18333,15.56667,"[15, 38]"
16626,Meuselbach,Valid,L6,870.0,1897-01-01,50.58333,11.1,"[11, 50]"
16627,Mezel,Valid,L6,1300.0,1949-01-01,45.76667,3.25,"[3, 45]"
16628,Mezö-Madaras,Valid,L3.7,22700.0,1852-01-01,46.5,25.73333,"[25, 46]"
16629,Mhow,Valid,L6,350.0,1827-01-01,25.9,83.61667,"[83, 25]"
16631,Mianchi,Valid,H5,1100.0,1980-01-01,34.8,111.7,"[111, 34]"
16632,Middlesbrough,Valid,L6,1600.0,1881-01-01,54.56667,-1.16667,"[-1, 54]"
52090,Mifflin,Valid,L5,3584.0,2010-01-01,42.9075,-90.36556,"[-90, 42]"
16634,Mighei,Valid,CM2,8000.0,1889-01-01,48.06667,30.96667,"[30, 48]"
16635,Mihonoseki,Valid,L6,6380.0,1992-01-01,35.56833,133.22,"[133, 35]"
16636,Mike,Valid,L6,224.2,1944-01-01,46.23333,17.53333,"[17, 46]"
16640,Milena,Valid,L6,10000.0,1842-01-01,46.18333,16.1,"[16, 46]"
16643,Millbillillie,Valid,Eucrite-mmict,330000.0,1960-01-01,-26.45,120.36667,"[120, -26]"
16645,Miller (Arkansas),Valid,H5,16700.0,1930-01-01,35.4,-92.05,"[-92, 35]"
16696,Mineo,Valid,Pallasite,42.0,1826-01-01,37.28333,14.7,"[14, 37]"
16697,Min-Fan-Zhun,Valid,LL6,5500.0,1952-01-01,32.33333,120.66667,"[120, 32]"
16700,Minnichhof,Valid,OC,550.0,1905-01-01,47.7,16.6,"[16, 47]"
16701,Mirzapur,Valid,L5,8510.0,1910-01-01,25.68333,83.25,"[83, 25]"
16703,Misshof,Valid,H5,5800.0,1890-01-01,56.66667,23.0,"[23, 56]"
16707,Mjelleim,Valid,H,100.7,1898-01-01,61.73333,5.93333,"[5, 61]"
16709,Mocs,Valid,L5-6,300000.0,1882-01-01,46.8,24.03333,"[24, 46]"
16711,Modoc (1905),Valid,L6,35000.0,1905-01-01,38.5,-101.1,"[-101, 38]"
16713,Mokoia,Valid,CV3,4500.0,1908-01-01,-39.63333,174.4,"[174, -39]"
16715,Molina,Valid,H5,144000.0,1858-01-01,38.11667,-1.16667,"[-1, 38]"
16717,Molteno,Valid,Howardite,150.0,1953-01-01,-31.25,26.46667,"[26, -31]"
16719,Monahans (1998),Valid,H5,2587.0,1998-01-01,31.60833,-102.85833,"[-102, 31]"
16720,Monroe,Valid,H4,8600.0,1849-01-01,35.25,-80.5,"[-80, 35]"
16725,Monte das Fortes,Valid,L5,4885.0,1950-01-01,38.01667,-8.25,"[-8, 38]"
16726,Monte Milone,Valid,L5,3130.0,1846-01-01,43.26667,13.35,"[13, 43]"
16727,Montferré,Valid,H5,149000.0,1923-01-01,43.39056,1.9625,"[1, 43]"
16729,Montlivault,Valid,L6,500.0,1838-01-01,47.63333,1.58333,"[1, 47]"
16736,Moore County,Valid,Eucrite-cm,1880.0,1913-01-01,35.41667,-79.38333,"[-79, 35]"
16737,Mooresfort,Valid,H5,3520.0,1810-01-01,52.45,-8.33333,"[-8, 52]"
16738,Moorleah,Valid,L6,8887.5,1930-01-01,-40.975,145.6,"[145, -40]"
16740,Moradabad,Valid,L6,70.0,1808-01-01,28.78333,78.83333,"[78, 28]"
16742,Morávka,Valid,H5,633.0,2000-01-01,49.6,18.53333,"[18, 49]"
16747,Mornans,Valid,H5,1300.0,1875-01-01,44.6,5.13333,"[5, 44]"
36592,Moss,Valid,CO3.6,3763.0,2006-01-01,59.43333,10.7,"[10, 59]"
16759,Moti-ka-nagla,Valid,H6,1500.0,1868-01-01,26.83333,77.33333,"[77, 26]"
16762,Motta di Conti,Valid,H4,9150.0,1868-01-01,45.2,8.5,"[8, 45]"
16766,Mount Browne,Valid,H6,11300.0,1902-01-01,-29.8,141.7,"[141, -29]"
16804,Mount Tazerzait,Valid,L5,110000.0,1991-01-01,18.7,4.8,"[4, 18]"
16820,Mtola,Valid,Stone-uncl,1100.0,1944-01-01,-11.5,33.5,"[33, -11]"
16841,Muddoor,Valid,L5,4400.0,1865-01-01,12.63333,77.01667,"[77, 12]"
16851,Mulletiwu,Valid,L,25.5,1795-01-01,9.33333,80.83333,"[80, 9]"
16874,Muraid,Valid,L6,4703.0,1924-01-01,24.5,90.21667,"[90, 24]"
16875,Murchison,Valid,CM2,100000.0,1969-01-01,-36.61667,145.2,"[145, -36]"
16882,Murray,Valid,CM2,12600.0,1950-01-01,36.6,-88.1,"[-88, 36]"
16885,Muzaffarpur,Valid,"Iron, IAB-sHL",1245.0,1964-01-01,26.13333,85.53333,"[85, 26]"
16889,Nadiabondi,Valid,H5,8165.0,1956-01-01,12.0,1.0,"[1, 12]"
16890,Nagai,Valid,L6,1810.0,1922-01-01,38.12167,140.06167,"[140, 38]"
16892,Nagaria,Valid,Eucrite-cm,20.0,1875-01-01,26.98333,78.21667,"[78, 26]"
16893,Nagy-Borové,Valid,L5,6100.0,1895-01-01,49.16667,19.5,"[19, 49]"
16898,Nakhla,Valid,Martian (nakhlite),10000.0,1911-01-01,31.31667,30.35,"[30, 31]"
16899,Nakhon Pathom,Valid,L6,23200.0,1923-01-01,13.73333,100.08333,"[100, 13]"
16902,Nammianthal,Valid,H5,4500.0,1886-01-01,12.28333,79.2,"[79, 12]"
16903,Nan Yang Pao,Valid,L6,52900.0,1917-01-01,35.66667,103.5,"[103, 35]"
16904,Nanjemoy,Valid,H6,7500.0,1825-01-01,38.41667,-77.16667,"[-77, 38]"
16907,Nantong,Valid,H6,529.0,1984-01-01,32.11667,121.8,"[121, 32]"
16908,Naoki,Valid,H6,17000.0,1928-01-01,19.25,77.0,"[77, 19]"
16909,Naragh,Valid,H6,2700.0,1974-01-01,33.75,51.5,"[51, 33]"
16912,Narellan,Valid,L6,367.5,1928-01-01,-34.05,150.68889,"[150, -34]"
16922,Nassirah,Valid,H4,347.0,1936-01-01,-21.73333,165.9,"[165, -21]"
16927,Nawapali,Valid,CM2,105.0,1890-01-01,21.25,83.66667,"[83, 21]"
16934,Neagari,Valid,L6,420.0,1995-01-01,36.44917,136.46528,"[136, 36]"
16935,Nedagolla,Valid,"Iron, ungrouped",4500.0,1870-01-01,18.68333,83.48333,"[83, 18]"
16941,Nejo,Valid,L6,2450.0,1970-01-01,9.5,35.33333,"[35, 9]"
16945,Nerft,Valid,L6,10250.0,1864-01-01,56.5,21.5,"[21, 56]"
16950,Neuschwanstein,Valid,EL6,6189.0,2002-01-01,47.525,10.80833,"[10, 47]"
16953,New Concord,Valid,L6,230000.0,1860-01-01,40.0,-81.76667,"[-81, 40]"
16954,New Halfa,Valid,L4,12000.0,1994-01-01,15.36667,35.68333,"[35, 15]"
16960,New Orleans,Valid,H5,19256.0,2003-01-01,29.94718,-90.10976,"[-90, 29]"
16966,Ngawi,Valid,LL3.6,1393.0,1883-01-01,-7.45,111.41667,"[111, -7]"
16968,N'Goureyma,Valid,"Iron, ungrouped",37500.0,1900-01-01,13.85,-4.38333,"[-4, 13]"
16976,Nikolaevka,Valid,H4,3996.0,1935-01-01,52.45,78.63333,"[78, 52]"
16977,Nikolskoe,Valid,L4,6000.0,1954-01-01,56.11667,37.33333,"[37, 56]"
16980,Ningbo,Valid,"Iron, IVA",14250.0,1975-01-01,29.86667,121.48333,"[121, 29]"
16981,Ningqiang,Valid,C3-ung,4610.0,1983-01-01,32.925,105.90667,"[105, 32]"
16982,Nio,Valid,H3-4,467.0,1897-01-01,34.2,131.56667,"[131, 34]"
16983,N'Kandhla,Valid,"Iron, IID",17200.0,1912-01-01,-28.56667,30.7,"[30, -28]"
16984,Nobleborough,Valid,Eucrite-pmict,2300.0,1823-01-01,44.08333,-69.48333,"[-69, 44]"
16985,Noblesville,Valid,H4-6,483.7,1991-01-01,40.08528,-86.055,"[-86, 40]"
16989,Nogoya,Valid,CM2,4000.0,1879-01-01,-32.36667,-59.83333,"[-59, -32]"
16994,Norfork,Valid,"Iron, IIIAB",1050.0,1918-01-01,36.21667,-92.26667,"[-92, 36]"
17922,Norton County,Valid,Aubrite,1100000.0,1948-01-01,39.68333,-99.86667,"[-99, 39]"
17930,Noventa Vicentina,Valid,H4,177.0,1971-01-01,45.29167,11.52722,"[11, 45]"
17933,Novo-Urei,Valid,Ureilite,1900.0,1886-01-01,54.81667,46.0,"[46, 54]"
17935,Novy-Projekt,Valid,OC,1001.0,1908-01-01,56.0,22.0,"[22, 56]"
17936,Noyan-Bogdo,Valid,L6,250.0,1933-01-01,42.91667,102.46667,"[102, 42]"
17938,Nuevo Mercurio,Valid,H5,50000.0,1978-01-01,24.3,-102.13333,"[-102, 24]"
17959,Nulles,Valid,H6,5000.0,1851-01-01,41.63333,0.75,"[0, 41]"
17960,Numakai,Valid,H4,363.0,1925-01-01,43.33333,141.86667,"[141, 43]"
17969,Nyaung,Valid,"Iron, IIIAB",737.6,1939-01-01,21.20833,94.91667,"[94, 21]"
17970,Nyirábrany,Valid,LL5,1100.0,1914-01-01,47.55,22.025,"[22, 47]"
17979,Ochansk,Valid,H4,500000.0,1887-01-01,57.78333,55.26667,"[55, 57]"
17988,Oesede,Valid,H5,1400.0,1927-01-01,52.28333,8.05,"[8, 52]"
17989,Oesel,Valid,L6,6000.0,1855-01-01,58.5,23.0,"[23, 58]"
17990,Ofehértó,Valid,L6,3750.0,1900-01-01,47.88333,22.03333,"[22, 47]"
17994,Ogi,Valid,H6,14360.0,1741-01-01,33.28333,130.2,"[130, 33]"
17995,Ohaba,Valid,H5,16250.0,1857-01-01,46.06667,23.58333,"[23, 46]"
17996,Ohuma,Valid,L5,7700.0,1963-01-01,6.75,8.5,"[8, 6]"
17997,Ojuelos Altos,Valid,L6,5850.0,1926-01-01,38.18333,-5.4,"[-5, 38]"
17998,Okabe,Valid,H5,194.0,1958-01-01,36.18333,139.21667,"[139, 36]"
18000,Okano,Valid,"Iron, IIAB",4742.0,1904-01-01,35.08333,135.2,"[135, 35]"
18002,Okniny,Valid,LL6,12000.0,1834-01-01,50.83333,25.5,"[25, 50]"
18009,Oldenburg (1930),Valid,L6,16570.0,1930-01-01,52.95,8.16667,"[8, 52]"
18013,Olivenza,Valid,LL5,150000.0,1924-01-01,38.71667,-7.06667,"[-7, 38]"
18015,Olmedilla de Alarcón,Valid,H5,40000.0,1929-01-01,39.56667,-2.1,"[-2, 39]"
18019,Omolon,Valid,"Pallasite, PMG",250000.0,1981-01-01,64.02,161.80833,"[161, 64]"
18026,Orgueil,Valid,CI1,14000.0,1864-01-01,43.88333,1.38333,"[1, 43]"
34489,Orlando,Valid,Eucrite,180.0,2004-01-01,28.5475,-81.36222,"[-81, 28]"
18030,Ornans,Valid,CO3.4,6000.0,1868-01-01,47.11667,6.15,"[6, 47]"
18034,Orvinio,Valid,H6,3400.0,1872-01-01,42.13333,12.93333,"[12, 42]"
18042,Oterøy,Valid,L6,246.0,1928-01-01,58.88333,9.4,"[9, 58]"
18045,Otomi,Valid,H,6510.0,1867-01-01,38.4,140.35,"[140, 38]"
18046,Ottawa,Valid,LL6,840.0,1896-01-01,38.6,-95.21667,"[-95, 38]"
56729,Ouadangou,Valid,L5,4440.0,2003-01-01,12.9,0.08,"[0, 12]"
18050,Oued el Hadjar,Valid,LL6,1215.5,1986-01-01,30.18,-6.57717,"[-6, 30]"
31282,Oum Dreyga,Valid,H3-5,17000.0,2003-01-01,24.3,-13.1,"[-13, 24]"
18052,Ourique,Valid,H4,20000.0,1998-01-01,37.60833,-8.28,"[-8, 37]"
18055,Ovambo,Valid,L6,121.5,1900-01-01,-18.0,16.0,"[16, -18]"
18058,Oviedo,Valid,H5,205.0,1856-01-01,43.4,-5.86667,"[-5, 43]"
18068,Pacula,Valid,L6,3400.0,1881-01-01,21.05,-99.3,"[-99, 21]"
18069,Padvarninkai,Valid,Eucrite-mmict,3858.0,1929-01-01,55.66667,25.0,"[25, 55]"
18072,Paitan,Valid,H6,515.0,1910-01-01,17.74333,120.45583,"[120, 17]"
18074,Palca de Aparzo,Valid,L5,1430.0,1988-01-01,-23.11667,-65.1,"[-65, -23]"
18077,Palinshih,Valid,Iron,18000.0,1914-01-01,43.48333,118.61667,"[118, 43]"
18079,Palmyra,Valid,L3,135.0,1926-01-01,39.8,-91.5,"[-91, 39]"
18082,Palolo Valley,Valid,H5,682.0,1949-01-01,21.3,-157.78333,"[-157, 21]"
18093,Pampanga,Valid,L5,10500.0,1859-01-01,15.08333,120.7,"[120, 15]"
18098,Pantar,Valid,H5,2130.0,1938-01-01,8.06667,124.28333,"[124, 8]"
18101,Paragould,Valid,LL5,408000.0,1930-01-01,36.06667,-90.5,"[-90, 36]"
18102,Parambu,Valid,LL5,2000.0,1967-01-01,-6.23333,-40.7,"[-40, -6]"
18103,Paranaiba,Valid,L6,100000.0,1956-01-01,-19.13333,-51.66667,"[-51, -19]"
18106,Park Forest,Valid,L5,18000.0,2003-01-01,41.48472,-87.67917,"[-87, 41]"
18108,Parnallee,Valid,LL3.6,77600.0,1857-01-01,9.23333,78.35,"[78, 9]"
18109,Parsa,Valid,EH3,800.0,1942-01-01,26.2,85.4,"[85, 26]"
18110,Pasamonte,Valid,Eucrite-pmict,5100.0,1933-01-01,36.21667,-103.4,"[-103, 36]"
18112,Patora,Valid,H6,4375.0,1969-01-01,20.93694,82.05,"[82, 20]"
18116,Patrimonio,Valid,L6,2121.0,1950-01-01,-19.53333,-48.56667,"[-48, -19]"
18118,Patti,Valid,Iron,12.0,1922-01-01,38.13333,14.96667,"[14, 38]"
18171,Patwar,Valid,Mesosiderite-A1,37350.0,1935-01-01,23.15,91.18333,"[91, 23]"
18173,Pavel,Valid,H5,2968.0,1966-01-01,43.46667,25.51667,"[25, 43]"
18175,Pavlodar (stone),Valid,H5,142.5,1938-01-01,52.3,77.03333,"[77, 52]"
18176,Pavlograd,Valid,L6,40000.0,1826-01-01,48.53333,35.98333,"[35, 48]"
18177,Pavlovka,Valid,Howardite,2000.0,1882-01-01,52.03333,43.0,"[43, 52]"
18180,Peace River,Valid,L6,45760.0,1963-01-01,56.13333,-117.93333,"[-117, 56]"
18181,Peckelsheim,Valid,Diogenite-pm,117.8,1953-01-01,51.66667,9.25,"[9, 51]"
18782,Peekskill,Valid,H6,12570.0,1992-01-01,41.28333,-73.91667,"[-73, 41]"
18786,Peña Blanca Spring,Valid,Aubrite,70000.0,1946-01-01,30.125,-103.11667,"[-103, 30]"
18792,Peramiho,Valid,Eucrite-mmict,165.0,1899-01-01,-10.66667,35.5,"[35, -10]"
18793,Perpeti,Valid,L6,23474.0,1935-01-01,23.325,91.0,"[91, 23]"
18797,Perth,Valid,LL5,2.0,1830-01-01,56.4,-3.43333,"[-3, 56]"
18798,Pervomaisky,Valid,L6,66000.0,1933-01-01,56.63333,39.43333,"[39, 56]"
18799,Pesyanoe,Valid,Aubrite,3393.0,1933-01-01,55.5,66.08333,"[66, 55]"
18800,Pétèlkolé,Valid,H5,189.0,1995-01-01,14.052,0.42,"[0, 14]"
18801,Petersburg,Valid,Eucrite-pmict,1800.0,1855-01-01,35.3,-86.63333,"[-86, 35]"
18808,Phillips County (stone),Valid,L6,57900.0,1901-01-01,40.0,-99.25,"[-99, 40]"
18809,Phu Hong,Valid,H4,500.0,1887-01-01,11.25,108.58333,"[108, 11]"
18811,Phum Sambo,Valid,H4,7800.0,1933-01-01,12.0,105.48333,"[105, 12]"
18812,Phuoc-Binh,Valid,L5,11000.0,1941-01-01,15.71667,108.1,"[108, 15]"
18813,Piancaldoli,Valid,LL3.4,13.1,1968-01-01,44.24417,11.50222,"[11, 44]"
18822,Pillistfer,Valid,EL6,23250.0,1863-01-01,58.66667,25.73333,"[25, 58]"
18831,Piplia Kalan,Valid,Eucrite-mmict,42000.0,1996-01-01,26.03472,73.94167,"[73, 26]"
18832,Piquetberg,Valid,H,37.0,1881-01-01,-32.86667,18.71667,"[18, -32]"
18834,Pirgunje,Valid,L6,842.0,1882-01-01,25.8,88.45,"[88, 25]"
18835,Pirthalla,Valid,H6,1161.0,1884-01-01,29.58333,76.0,"[76, 29]"
18837,Pitts,Valid,"Iron, IAB-ung",3760.0,1921-01-01,31.95,-83.51667,"[-83, 31]"
18846,Plantersville,Valid,H6,2085.0,1930-01-01,30.7,-96.11667,"[-96, 30]"
51706,Pleşcoi,Valid,L5-6,6913.0,2008-01-01,45.275,26.70972,"[26, 45]"
18849,Ploschkovitz,Valid,L5,39.0,1723-01-01,50.53333,14.11667,"[14, 50]"
18851,Pnompehn,Valid,L6,96.0,1868-01-01,11.58333,104.91667,"[104, 11]"
18853,Pohlitz,Valid,L5,3000.0,1819-01-01,50.93333,12.13333,"[12, 50]"
18858,Pokhra,Valid,H5,350.0,1866-01-01,26.71667,82.66667,"[82, 26]"
18860,Pollen,Valid,CM2,253.6,1942-01-01,66.34833,14.015,"[14, 66]"
18865,Pontlyfni,Valid,Winonaite,157.0,1931-01-01,53.03639,-4.31944,"[-4, 53]"
18874,Portales Valley,Valid,H6,71400.0,1998-01-01,34.175,-103.295,"[-103, 34]"
18876,Portugal,Valid,Stone-uncl,4500.0,1796-01-01,38.5,-8.0,"[-8, 38]"
18879,Po-wang Chen,Valid,LL,665.0,1933-01-01,31.41667,118.5,"[118, 31]"
18883,Prambachkirchen,Valid,L6,2125.0,1932-01-01,48.3025,13.94083,"[13, 48]"
18887,Pribram,Valid,H5,5555.0,1959-01-01,49.66667,14.03333,"[14, 49]"
18888,Pricetown,Valid,L6,900.0,1893-01-01,39.11667,-83.85,"[-83, 39]"
45984,Puerto Lápice,Valid,Eucrite-br,500.0,2007-01-01,39.35,-3.51667,"[-3, 39]"
18899,Pulsora,Valid,H5,560.0,1863-01-01,23.36667,75.18333,"[75, 23]"
18901,Pultusk,Valid,H5,250000.0,1868-01-01,52.76667,21.26667,"[21, 52]"
18902,Punganaru,Valid,Stone-uncl,100.0,1811-01-01,13.33333,78.95,"[78, 13]"
18905,Putinga,Valid,L6,300000.0,1937-01-01,-29.03333,-53.05,"[-53, -29]"
18907,Qidong,Valid,L/LL5,1275.0,1982-01-01,32.08333,121.5,"[121, 32]"
18908,Qingzhen,Valid,EH3,2600.0,1976-01-01,26.53333,106.46667,"[106, 26]"
22357,Queen's Mercy,Valid,H6,7000.0,1925-01-01,-30.11667,28.7,"[28, -30]"
22358,Quenggouk,Valid,H4,6045.0,1857-01-01,17.76667,95.18333,"[95, 17]"
22360,Quesa,Valid,"Iron, IAB-ung",10750.0,1898-01-01,39.0,-0.66667,"[0, 39]"
22361,Quija,Valid,H,17450.0,1990-01-01,44.61667,126.13333,"[126, 44]"
22363,Quincay,Valid,L6,65.0,1851-01-01,46.6,0.25,"[0, 46]"
22368,Raco,Valid,H5,5000.0,1957-01-01,-26.66667,-65.45,"[-65, -26]"
22371,Raghunathpura,Valid,"Iron, IIAB",10200.0,1986-01-01,27.72528,76.465,"[76, 27]"
31302,Rahimyar Khan,Valid,L5,67225.0,1983-01-01,28.225,70.2,"[70, 28]"
22376,Rakovka,Valid,L6,9000.0,1878-01-01,52.98333,37.03333,"[37, 52]"
22384,Ramnagar,Valid,L6,3766.0,1940-01-01,26.45,82.9,"[82, 26]"
22385,Rampurhat,Valid,LL,100.0,1916-01-01,24.16667,87.76667,"[87, 24]"
22386,Ramsdorf,Valid,L6,4682.0,1958-01-01,51.88333,6.93333,"[6, 51]"
22387,Ranchapur,Valid,H4,290.4,1917-01-01,23.98333,87.08333,"[87, 23]"
22390,Rancho de la Presa,Valid,H5,300.0,1899-01-01,19.86667,-100.81667,"[-100, 19]"
22392,Rangala,Valid,L6,3224.5,1937-01-01,25.38333,72.01667,"[72, 25]"
22394,Raoyang,Valid,L6,4910.0,1919-01-01,38.2,115.7,"[115, 38]"
22395,Ras Tanura,Valid,H6,6.1,1961-01-01,26.66667,50.15,"[50, 26]"
22396,Rasgrad,Valid,Stone-uncl,24700.0,1740-01-01,43.5,26.53333,"[26, 43]"
22398,Ratyn,Valid,Stone-uncl,910.0,1880-01-01,52.2,17.98333,"[17, 52]"
53502,Red Canyon Lake,Valid,H5,18.41,2007-01-01,38.13742,-119.75812,"[-119, 38]"
22584,Reliegos,Valid,L5,17300.0,1947-01-01,42.475,-5.33333,"[-5, 42]"
22585,Rembang,Valid,"Iron, IVA",10000.0,1919-01-01,-6.73333,111.36667,"[111, -6]"
22586,Renazzo,Valid,CR2,1000.0,1824-01-01,44.76667,11.28333,"[11, 44]"
22587,Renca,Valid,L5,300.0,1925-01-01,-32.75,-65.28333,"[-65, -32]"
22589,Renqiu,Valid,L6,355.0,1916-01-01,38.66667,116.13333,"[116, 38]"
22590,Repeev Khutor,Valid,"Iron, IIF",7000.0,1933-01-01,48.6,45.66667,"[45, 48]"
22592,Revelstoke,Valid,CI1,1.0,1965-01-01,51.33333,-118.95,"[-118, 51]"
22593,Rewari,Valid,L6,3332.0,1929-01-01,28.2,76.66667,"[76, 28]"
22597,Rich Mountain,Valid,L6,668.0,1903-01-01,35.03333,-83.03333,"[-83, 35]"
24140,Uzcudun,Valid,L,20000.0,1948-01-01,-44.11667,-66.15,"[-66, -44]"
22599,Richardton,Valid,H5,90000.0,1918-01-01,46.88333,-102.31667,"[-102, 46]"
22602,Richland Springs,Valid,OC,1900.0,1980-01-01,31.25,-99.03333,"[-99, 31]"
22603,Richmond,Valid,LL5,1800.0,1828-01-01,37.46667,-77.5,"[-77, 37]"
22611,Rio Negro,Valid,L4,1310.0,1934-01-01,-26.1,-49.8,"[-49, -26]"
22637,Rochester,Valid,H6,340.0,1876-01-01,41.08333,-86.28333,"[-86, 41]"
22640,Rockhampton,Valid,Stone-uncl,1641.0,1895-01-01,-23.38333,150.51667,"[150, -23]"
22641,Roda,Valid,Diogenite,400.0,1871-01-01,42.3,0.55,"[0, 42]"
22642,Rodach,Valid,Stone-uncl,2900.0,1775-01-01,50.35,10.8,"[10, 50]"
22766,Rose City,Valid,H5,10600.0,1921-01-01,44.51667,-83.95,"[-83, 44]"
22773,Rowton,Valid,"Iron, IIIAB",3500.0,1876-01-01,52.76667,-2.51667,"[-2, 52]"
22780,Ruhobobo,Valid,L6,465.5,1976-01-01,-1.45,29.83333,"[29, -1]"
22782,Rumuruti,Valid,R3.8-6,67.0,1934-01-01,0.26667,36.53333,"[36, 0]"
22783,Rupota,Valid,L4-6,6000.0,1949-01-01,-10.26667,38.76667,"[38, -10]"
22791,Ryechki,Valid,L5,13000.0,1914-01-01,51.13333,34.5,"[34, 51]"
22792,Sabetmahet,Valid,H5,1250.0,1855-01-01,27.43333,82.08333,"[82, 27]"
22793,Sabrum,Valid,LL6,478.0,1999-01-01,23.08333,91.66667,"[91, 23]"
23101,Saint-Sauveur,Valid,EH5,14000.0,1914-01-01,43.73333,1.38333,"[1, 43]"
23102,Saint-Séverin,Valid,LL6,271000.0,1966-01-01,45.3,0.23333,"[0, 45]"
23103,Sakauchi,Valid,Iron,4180.0,1913-01-01,35.66667,136.3,"[136, 35]"
23107,Salem,Valid,L6,61.4,1981-01-01,44.97917,-122.96944,"[-122, 44]"
23111,Salles,Valid,L5,9000.0,1798-01-01,46.05,4.63333,"[4, 46]"
23114,Salzwedel,Valid,LL5,43.0,1985-01-01,52.75,11.05,"[11, 52]"
23115,Samelia,Valid,"Iron, IIIAB",2462.0,1921-01-01,25.66667,74.86667,"[74, 25]"
23128,San Juan Capistrano,Valid,H6,56.0,1973-01-01,33.48472,-117.6625,"[-117, 33]"
31315,San Michele,Valid,L6,237.0,2002-01-01,43.66667,13.0,"[13, 43]"
23130,San Pedro de Quiles,Valid,L6,282.0,1956-01-01,-31.01667,-71.4,"[-71, -31]"
34063,San Pedro Jacuaro,Valid,LL6,460.0,1968-01-01,19.76667,-100.65,"[-100, 19]"
23161,Santa Barbara,Valid,L4,400.0,1873-01-01,-29.2,-51.86667,"[-51, -29]"
23164,Santa Cruz,Valid,CM2,60.0,1939-01-01,24.16667,-99.33333,"[-99, 24]"
23165,Santa Isabel,Valid,L6,5500.0,1924-01-01,-33.9,-61.7,"[-61, -33]"
50909,Santa Lucia (2008),Valid,L6,4000.0,2008-01-01,-31.535556,-68.489444,"[-68, -31]"
23171,São Jose do Rio Preto,Valid,H4,927.0,1962-01-01,-20.81,-49.38056,"[-49, -20]"
23176,Saratov,Valid,L4,200000.0,1918-01-01,52.55,46.55,"[46, 52]"
23187,Sasagase,Valid,H,695.0,1688-01-01,34.71667,137.78333,"[137, 34]"
23188,Sauguis,Valid,L6,4000.0,1868-01-01,43.15,-0.85,"[0, 43]"
23190,Savtschenskoje,Valid,LL4,2500.0,1894-01-01,47.21667,29.86667,"[29, 47]"
23192,Sayama,Valid,CM2,430.0,1986-01-01,35.86667,139.4,"[139, 35]"
23455,Sazovice,Valid,L5,412.0,1934-01-01,49.23333,17.56667,"[17, 49]"
23457,Schellin,Valid,L,7000.0,1715-01-01,53.35,15.05,"[15, 53]"
23458,Schenectady,Valid,H5,283.3,1968-01-01,42.86083,-73.95028,"[-73, 42]"
23460,Schönenberg,Valid,L6,8000.0,1846-01-01,48.11667,10.46667,"[10, 48]"
23472,Searsmont,Valid,H5,5400.0,1871-01-01,44.36667,-69.2,"[-69, 44]"
23473,Sediköy,Valid,L6,240.0,1917-01-01,38.3,27.13333,"[27, 38]"
23476,Segowlie,Valid,LL6,6930.0,1853-01-01,26.75,84.78333,"[84, 26]"
23481,Selakopi,Valid,H5,1590.0,1939-01-01,-7.23333,107.33333,"[107, -7]"
23483,Seldebourak,Valid,H5,150.0,1947-01-01,22.83333,4.98333,"[4, 22]"
23487,Semarkona,Valid,LL3.00,691.0,1940-01-01,22.25,79.0,"[79, 22]"
23495,Sena,Valid,H4,4000.0,1773-01-01,41.71667,-0.05,"[0, 41]"
23496,Senboku,Valid,H6,866.0,1993-01-01,39.43833,140.51167,"[140, 39]"
23500,Seoni,Valid,H6,20000.0,1966-01-01,21.68389,79.50083,"[79, 21]"
23501,Seres,Valid,H4,8500.0,1818-01-01,41.05,23.56667,"[23, 41]"
23502,Serra de Magé,Valid,Eucrite-cm,1800.0,1923-01-01,-8.38333,-36.76667,"[-36, -8]"
23504,Sete Lagoas,Valid,H4,350.0,1908-01-01,-19.46667,-44.21667,"[-44, -19]"
23508,Sevilla,Valid,LL4,180.0,1862-01-01,37.41667,-6.0,"[-6, 37]"
23509,Sevrukovo,Valid,L5,101000.0,1874-01-01,50.61667,36.6,"[36, 50]"
23512,Sfax,Valid,L6,7000.0,1989-01-01,34.75,10.71667,"[10, 34]"
23521,Shalka,Valid,Diogenite,4000.0,1850-01-01,23.1,87.3,"[87, 23]"
23525,Sharps,Valid,H3.4,1265.0,1921-01-01,37.83333,-76.7,"[-76, 37]"
23529,Shelburne,Valid,L5,18600.0,1904-01-01,44.05,-80.16667,"[-80, 44]"
23530,Shergotty,Valid,Martian (shergottite),5000.0,1865-01-01,24.55,84.83333,"[84, 24]"
23531,Sheyang,Valid,L6,605.0,1976-01-01,33.65,120.06667,"[120, 33]"
23534,Shikarpur,Valid,L6,3679.7,1921-01-01,25.85,87.5775,"[87, 25]"
23582,Shuangyang,Valid,H5,3900.0,1971-01-01,43.5,125.66667,"[125, 43]"
23583,Shupiyan,Valid,H6,5000.0,1912-01-01,33.71667,74.83333,"[74, 33]"
23584,Shytal,Valid,L6,3200.0,1863-01-01,24.33333,90.16667,"[90, 24]"
23586,Siena,Valid,LL5,3700.0,1794-01-01,43.11667,11.6,"[11, 43]"
23593,Sikhote-Alin,Valid,"Iron, IIAB",23000000.0,1947-01-01,46.16,134.65333,"[134, 46]"
23594,Silao,Valid,H5,1710.0,1995-01-01,20.93333,-101.38333,"[-101, 20]"
55584,Silistra,Valid,Achondrite-ung,0.15,1917-01-01,44.11667,27.26667,"[27, 44]"
23603,Simmern,Valid,H5,1222.0,1920-01-01,49.98333,7.53333,"[7, 49]"
23606,Sinai,Valid,L6,1455.0,1916-01-01,30.9,32.48333,"[32, 30]"
23611,Sindhri,Valid,H5,8400.0,1901-01-01,26.21667,69.55,"[69, 26]"
23613,Sinnai,Valid,H6,2000.0,1956-01-01,39.3,9.2,"[9, 39]"
23614,Sioux County,Valid,Eucrite-mmict,4100.0,1933-01-01,42.58333,-103.66667,"[-103, 42]"
23616,Sitathali,Valid,H5,1600.0,1875-01-01,20.91667,82.58333,"[82, 20]"
23617,Sivas,Valid,H6,40000.0,1989-01-01,39.82467,36.13583,"[36, 39]"
23619,Sixiangkou,Valid,L5,630.0,1989-01-01,32.43333,119.86667,"[119, 32]"
23621,Ski,Valid,L6,850.0,1848-01-01,59.73333,10.86667,"[10, 59]"
23626,Slavetic,Valid,H5,1708.0,1868-01-01,45.68333,15.6,"[15, 45]"
23645,Slobodka,Valid,L4,2750.0,1818-01-01,55.0,35.0,"[35, 55]"
23660,Soheria,Valid,OC,72.9,1960-01-01,27.13333,84.06667,"[84, 27]"
23661,Soko-Banja,Valid,LL4,80000.0,1877-01-01,43.66667,21.86667,"[21, 43]"
23663,Sologne,Valid,H5,54.0,1860-01-01,47.36667,1.73333,"[1, 47]"
53829,Sołtmany,Valid,L6,1066.0,2011-01-01,54.00883,22.005,"[22, 54]"
23667,Sone,Valid,H5,17100.0,1866-01-01,35.16667,135.33333,"[135, 35]"
23668,Songyuan,Valid,L6,36900.0,1993-01-01,45.25,125.0,"[125, 45]"
23670,Sopot,Valid,OC,958.0,1927-01-01,44.41667,23.5,"[23, 44]"
23671,Soroti,Valid,"Iron, ungrouped",2050.0,1945-01-01,1.7,33.63333,"[33, 1]"
23081,St. Caprais-de-Quinsac,Valid,L6,360.0,1883-01-01,44.75,0.05,"[0, 44]"
23082,St. Christophe-la-Chartreuse,Valid,L6,5500.0,1841-01-01,46.95,-1.5,"[-1, 46]"
23083,St. Denis Westrem,Valid,L6,700.0,1855-01-01,51.05,3.75,"[3, 51]"
23087,St. Germain-du-Pinel,Valid,H6,4000.0,1890-01-01,48.01667,-1.15,"[-1, 48]"
23089,St. Louis,Valid,H4,1000.0,1950-01-01,38.7,-90.23333,"[-90, 38]"
23090,St. Mark's,Valid,EH5,13780.0,1903-01-01,-32.01667,27.41667,"[27, -32]"
23091,St. Mary's County,Valid,LL3.3,24.3,1919-01-01,38.16667,-76.38333,"[-76, 38]"
23092,St. Mesmin,Valid,LL6,8300.0,1866-01-01,48.45,3.93333,"[3, 48]"
23093,St. Michel,Valid,L6,17000.0,1910-01-01,61.65,27.2,"[27, 61]"
23097,St.-Chinian,Valid,L6,134.3,1959-01-01,43.43333,2.95,"[2, 43]"
23712,Ställdalen,Valid,H5,34000.0,1876-01-01,59.93333,14.95,"[14, 59]"
23713,Stannern,Valid,Eucrite-mmict,52000.0,1808-01-01,49.28333,15.56667,"[15, 49]"
23717,Stavropol,Valid,L6,1500.0,1857-01-01,45.05,41.98333,"[41, 45]"
23099,Ste. Marguerite,Valid,H4,4960.0,1962-01-01,50.76667,3.0,"[3, 50]"
23724,Sterlitamak,Valid,"Iron, IIIAB",325000.0,1990-01-01,53.66667,55.98333,"[55, 53]"
23728,Stratford,Valid,L6,50.0,1974-01-01,41.2,-73.13333,"[-73, 41]"
23729,Strathmore,Valid,L6,13400.0,1917-01-01,56.58333,-3.25,"[-3, 56]"
23733,St-Robert,Valid,H5,25400.0,1994-01-01,45.96861,-72.97806,"[-72, 45]"
23736,Success,Valid,L6,3500.0,1924-01-01,36.48333,-90.66667,"[-90, 36]"
23737,Suchy Dul,Valid,L6,815.3,1969-01-01,50.53806,16.26333,"[16, 50]"
23738,Suizhou,Valid,L6,260000.0,1986-01-01,31.61667,113.46667,"[113, 31]"
48951,Sulagiri,Valid,LL6,110000.0,2008-01-01,12.66667,78.03333,"[78, 12]"
23741,Sultanpur,Valid,L/LL6,1710.5,1916-01-01,25.93333,84.28333,"[84, 25]"
23745,Sungach,Valid,H5,637.0,1935-01-01,44.86667,133.16667,"[133, 44]"
23760,Supuhee,Valid,H6,7235.0,1865-01-01,26.71667,84.21667,"[84, 26]"
55529,Sutter's Mill,Valid,C,992.5,2012-01-01,38.80389,-120.90806,"[-120, 38]"
23773,Sylacauga,Valid,H4,5560.0,1954-01-01,33.18836,-86.2945,"[-86, 33]"
23776,Tabor,Valid,H5,7540.0,1753-01-01,49.4,14.65,"[14, 49]"
23778,Tadjera,Valid,L5,9000.0,1867-01-01,36.18333,5.41667,"[5, 36]"
23782,Tagish Lake,Valid,C2-ung,10000.0,2000-01-01,59.70444,-134.20139,"[-134, 59]"
23784,Tahara,Valid,H4/5,1000.0,1991-01-01,34.72,137.305,"[137, 34]"
23789,Takenouchi,Valid,H5,720.0,1880-01-01,35.38333,134.9,"[134, 35]"
23795,Tambakwatu,Valid,L6,10500.0,1975-01-01,-7.75,112.76667,"[112, -7]"
48691,Tamdakht,Valid,H5,100000.0,2008-01-01,31.16333,-7.015,"[-7, 31]"
23801,Tané,Valid,L5,905.0,1918-01-01,35.43333,136.23333,"[136, 35]"
23873,Taonan,Valid,L5,3850.0,1965-01-01,45.4,122.9,"[122, 45]"
23884,Tatahouine,Valid,Diogenite,12000.0,1931-01-01,32.95,10.41667,"[10, 32]"
23885,Tathlith,Valid,L6,2500.0,1967-01-01,19.38333,43.73333,"[43, 19]"
23887,Tauk,Valid,L6,6000.0,1929-01-01,35.13333,44.45,"[44, 35]"
23888,Tauti,Valid,L6,21000.0,1937-01-01,46.71667,23.5,"[23, 46]"
23897,Tenham,Valid,L6,160000.0,1879-01-01,-25.73333,142.95,"[142, -25]"
23898,Tennasilm,Valid,L4,28500.0,1872-01-01,58.03333,26.95,"[26, 58]"
23908,Thal,Valid,H6,342.0,1950-01-01,33.4,70.6,"[70, 33]"
54493,Thika,Valid,L6,14200.0,2011-01-01,-1.00278,37.15028,"[37, -1]"
23976,Thuathe,Valid,H4/5,45300.0,2002-01-01,-29.33333,27.58333,"[27, -29]"
23984,Tianzhang,Valid,H5,2232.0,1986-01-01,32.94667,118.99,"[118, 32]"
23989,Tieschitz,Valid,H/L3.6,28000.0,1878-01-01,49.6,17.11667,"[17, 49]"
23998,Tilden,Valid,L6,74800.0,1927-01-01,38.2,-89.68333,"[-89, 38]"
23999,Tillaberi,Valid,L6,3000.0,1970-01-01,14.25,1.53333,"[1, 14]"
24004,Timochin,Valid,H5,65500.0,1807-01-01,54.5,35.2,"[35, 54]"
24009,Tirupati,Valid,H6,230.0,1934-01-01,13.63333,79.41667,"[79, 13]"
54823,Tissint,Valid,Martian (shergottite),7000.0,2011-01-01,29.48195,-7.61123,"[-7, 29]"
24011,Tjabe,Valid,H6,20000.0,1869-01-01,-7.08333,111.53333,"[111, -7]"
24012,Tjerebon,Valid,L5,16500.0,1922-01-01,-6.66667,106.58333,"[106, -6]"
24019,Tomakovka,Valid,LL6,600.0,1905-01-01,47.85,34.76667,"[34, 47]"
